TEAM,TEAM ABBREVIATION,SEASON,Age,W,L,PW,PL,MOV,SOS,SRS,ORtg,DRtg,NRtg,Pace,FTr,3PAr,TS%,OeFG%,OTOV%,ORB%,OFT/FGA,DeFG%,DTOV%,DRB%,DFT/FGA,Arena,Attend.,Attend./G
Atlanta Hawks,ATL,2020,24.1,20,47,18,49,-7.97,0.27,-7.71,107.2,114.8,-7.6,103,0.258,0.398,0.554,0.515,13.8,21.6,0.204,0.543,12.7,74.9,0.233,State Farm Arena,545453,16043
Boston Celtics,BOS,2020,25.3,48,24,50,22,6.31,-0.47,5.83,113.3,107,6.3,99.5,0.259,0.386,0.57,0.531,12.2,23.9,0.207,0.509,13.5,77.4,0.215,TD Garden,610864,19090
Brooklyn Nets,BKN,2020,26.3,35,37,35,37,-0.57,-0.44,-1.01,108.9,109.5,-0.6,101.4,0.267,0.423,0.554,0.52,13.1,23.2,0.199,0.511,11,77.8,0.187,Barclays Center,524907,16403
Charlotte Hornets,CLH,2020,24.3,23,42,19,46,-6.75,-0.28,-7.03,106.3,113.3,-7,95.8,0.252,0.399,0.539,0.504,13.3,23.9,0.188,0.546,13.1,74.4,0.159,Spectrum Center,478591,15428
Chicago Bulls,CHI,2020,24.4,22,43,26,39,-3.08,-0.93,-4,106.7,109.8,-3.1,99.7,0.231,0.396,0.547,0.515,13.7,22.8,0.175,0.546,16.3,75.6,0.239,United Center,639352,18804
Cleveland Cavaliers,CLE,2020,25,19,46,18,47,-7.89,0.12,-7.77,107.5,115.4,-7.9,98.7,0.227,0.362,0.553,0.522,14.6,24.6,0.172,0.56,11.7,77.4,0.164,Quicken Loans Arena,643008,17861
Dallas Mavericks,DAL,2020,26.1,43,32,49,26,4.95,-0.07,4.87,116.7,111.7,5,99.3,0.264,0.457,0.581,0.545,11.2,23.2,0.206,0.525,10.6,77.7,0.175,American Airlines Center,682096,20062
Denver Nuggets,DEN,2020,25.6,46,27,41,32,2.11,0.24,2.35,113.1,111,2.1,97.1,0.235,0.344,0.567,0.535,12.3,24.8,0.183,0.533,12.9,76.8,0.198,Pepsi Center,633153,19186
Detroit Pistons,DET,2020,25.9,20,46,26,40,-3.56,-0.82,-4.38,109,112.7,-3.7,97.6,0.261,0.381,0.561,0.529,13.8,22.6,0.194,0.541,12.7,75.9,0.186,Little Caesars Arena,509469,15294
Golden State Warriors,GOL,2020,24.4,15,50,16,49,-8.71,0.59,-8.12,105.2,113.8,-8.6,100.3,0.264,0.355,0.54,0.497,13.2,21.5,0.212,0.553,13.7,76.4,0.193,Chase Center,614176,18064
Houston Rockets,HOU,2020,29.2,44,28,42,30,2.96,0.17,3.13,112.9,110.1,2.8,103.7,0.288,0.501,0.578,0.537,12.6,21,0.228,0.529,13.7,75.6,0.197,Toyota Center,578458,18077
Indiana Pacers,IND,2020,25.6,45,28,41,32,1.96,-0.33,1.63,110,108,2,98.9,0.216,0.317,0.565,0.534,12,20,0.17,0.511,13,76.7,0.192,Bankers Life Fieldhouse,529002,16531
Los Angeles Clippers,LAC,2020,27.4,49,23,50,22,6.44,0.21,6.66,113.9,107.6,6.3,101.5,0.295,0.375,0.577,0.535,12.6,23.5,0.233,0.506,12.2,77.6,0.206,STAPLES Center,610176,19068
Los Angeles Lakers,LOS,2020,29.5,52,19,48,23,5.79,0.49,6.28,112,106.3,5.7,100.9,0.276,0.358,0.573,0.542,13.3,24.5,0.201,0.515,14.1,78.8,0.205,STAPLES Center,588907,18997
Memphis Grizzlies,MEM,2020,24.1,34,39,34,39,-1.07,0.16,-0.91,109.2,110.3,-1.1,102.8,0.24,0.346,0.561,0.528,13.2,23,0.183,0.521,12.7,77.8,0.217,FedEx Forum,523297,15857
Miami Heat,MIA,2020,25.9,44,29,43,30,2.95,-0.35,2.59,112.5,109.5,3,98.3,0.299,0.419,0.587,0.547,13.5,20.3,0.234,0.523,12.6,79.5,0.213,AmericanAirlines Arena,629771,19680
Milwaukee Bucks,MIL,2020,29.2,56,17,57,16,10.08,-0.67,9.41,112.4,102.9,9.5,105.1,0.271,0.428,0.583,0.552,12.9,20.7,0.201,0.489,12,81.6,0.178,Fiserv Forum,549036,17711
Minnesota Timberwolves,MIN,2020,24.8,19,45,24,40,-4.3,0.28,-4.02,108.1,112.2,-4.1,103.4,0.277,0.433,0.551,0.514,13,22.1,0.209,0.541,13.2,77.2,0.218,Target Center,482112,15066
New Orleans Pelicans,NOP,2020,25.4,30,42,33,39,-1.29,0.74,-0.55,110.7,111.9,-1.2,103.7,0.256,0.403,0.568,0.539,13.9,24.2,0.186,0.532,12.4,77.8,0.212,Smoothie King Center,528172,16505
New York Knicks,NYK,2020,24.5,21,45,20,46,-6.45,-0.26,-6.72,106.5,113,-6.5,98.6,0.263,0.318,0.531,0.501,12.6,25.8,0.182,0.541,12.4,78.3,0.224,Madison Square Garden (IV),620789,18812
Oklahoma City Thunder,OKC,2020,25.5,44,28,41,31,1.99,0.34,2.33,110.8,108.8,2,98.8,0.29,0.353,0.573,0.53,12.4,19.3,0.231,0.518,12.6,76.8,0.173,Chesapeake Energy Arena,600699,18203
Orlando Magic,ORL,2020,26.1,33,40,34,39,-1.01,0.09,-0.93,108.5,109.5,-1,98.6,0.256,0.364,0.544,0.506,11.5,22.3,0.198,0.535,13.2,79.1,0.176,Amway Center,529870,17093
Philadelphia 76ers,PHI,2020,26.3,43,30,42,31,2.38,-0.13,2.25,111.3,109,2.3,99,0.255,0.36,0.566,0.534,12.7,23.9,0.193,0.523,12.5,80.3,0.214,Wells Fargo Center,639491,20629
Phoenix Suns,PHO,2020,24.6,34,39,37,36,0.22,0.35,0.56,111.7,111.4,0.3,101.3,0.271,0.361,0.576,0.532,13,22.2,0.226,0.539,13.7,78.8,0.221,Talking Stick Resort Arena,550633,15606
Portland Trail Blazers,PLB,2020,27.5,35,39,34,40,-1.15,0.54,-0.61,113.7,114.8,-1.1,100.7,0.242,0.374,0.57,0.533,11.2,22.4,0.194,0.53,11.2,75.3,0.208,Moda Center,628303,19634
Sacramento Kings,SAC,2020,27,31,41,31,41,-2.04,0.46,-1.59,110.2,112.2,-2,98.9,0.23,0.395,0.566,0.534,13,21.9,0.177,0.543,13.6,78.4,0.225,Golden 1 Center,520663,16796
San Antonio Spurs,SAN,2020,27.6,32,39,33,38,-1.11,0.46,-0.65,112.4,113.5,-1.1,100.5,0.262,0.318,0.572,0.531,11.2,20.1,0.212,0.542,11.7,79.2,0.193,AT&T Center,550515,18351
Toronto Raptors,TOR,2020,26.6,53,19,50,22,6.24,-0.26,5.97,111.1,105,6.1,100.9,0.264,0.421,0.574,0.536,13.1,21.3,0.21,0.502,14.6,76.7,0.202,Scotiabank Arena,633456,19796
Utah Jazz,UTA,2020,27.3,44,28,42,30,2.47,0.05,2.52,112.3,109.9,2.4,98.6,0.268,0.414,0.585,0.549,13.7,21.6,0.208,0.518,11.1,78.9,0.185,Vivint Smart Home Arena,567486,18306
Washington Wizards,WAS,2020,25.1,25,47,26,46,-4.67,-0.57,-5.24,110.9,115.5,-4.6,102.7,0.27,0.358,0.562,0.523,12.2,22.2,0.213,0.558,13.9,75.3,0.231,Capital One Arena,532702,16647
League Average,LEA,2020,26.2,,,35,35,0,0,0,110.6,110.6,,100.3,0.26,0.384,0.565,0.529,12.8,22.5,0.201,0.529,12.8,77.5,0.201,,575820,17788
Atlanta Hawks,ATL,2019,25.1,29,53,27,55,-6.02,-0.04,-6.06,108.1,113.9,-5.8,103.9,0.255,0.403,0.555,0.522,14.3,24.7,0.192,0.541,12.8,76.4,0.237,State Farm Arena,"628,440","15,328"
Boston Celtics,BOS,2019,25.7,49,33,52,30,4.44,-0.54,3.9,112.2,107.8,4.4,99.6,0.215,0.381,0.567,0.534,11.5,21.6,0.173,0.514,13.4,77,0.198,TD Garden,"763,584","18,624"
Brooklyn Nets,BKN,2019,25.4,42,40,41,41,-0.07,-0.33,-0.4,109.6,109.7,-0.1,100.8,0.284,0.403,0.556,0.52,13,23.8,0.211,0.512,11.6,76.4,0.19,Barclays Center,"612,597","14,941"
Charlotte Hornets,CLH,2019,26.6,39,43,38,44,-1.1,-0.22,-1.32,111.4,112.5,-1.1,98.7,0.257,0.378,0.554,0.514,10.9,21.7,0.205,0.538,12.1,77.1,0.179,Spectrum Center,"676,570","16,502"
Chicago Bulls,CHI,2019,24,22,60,21,61,-8.41,0.1,-8.32,104.8,113.2,-8.4,99,0.235,0.295,0.541,0.505,12.7,19.4,0.184,0.541,11.9,77.3,0.188,United Center,"823,475","20,085"
Cleveland Cavaliers,CLE,2019,25.2,19,63,19,63,-9.61,0.22,-9.39,107.7,117.6,-9.9,96.6,0.236,0.332,0.54,0.503,12.2,23.7,0.187,0.564,11.5,77,0.181,Quicken Loans Arena,"793,337","19,350"
Dallas Mavericks,DAL,2019,26.9,33,49,38,44,-1.28,0.42,-0.87,109.4,110.7,-1.3,99,0.291,0.422,0.555,0.519,12.7,22.7,0.216,0.522,11.6,77.5,0.191,American Airlines Center,"820,569","20,014"
Denver Nuggets,DEN,2019,24.9,54,28,51,31,3.95,0.24,4.19,113,108.9,4.1,97.7,0.232,0.348,0.558,0.527,11.9,26.6,0.175,0.521,12.3,78,0.194,Pepsi Center,"756,457","18,450"
Detroit Pistons,DET,2019,26.9,41,41,40,42,-0.24,-0.31,-0.56,109,109.2,-0.2,97.4,0.262,0.394,0.544,0.509,12.3,24.8,0.195,0.526,12.8,78.7,0.211,Little Caesars Arena,"675,963","16,487"
Golden State Warriors,GOL,2019,28.4,57,25,56,26,6.46,-0.04,6.42,115.9,109.5,6.4,100.9,0.227,0.384,0.596,0.565,12.6,22.5,0.182,0.508,11.7,77.1,0.205,Oracle Arena,"803,436","19,596"
Houston Rockets,HOU,2019,29.2,53,29,53,29,4.77,0.19,4.96,115.5,110.7,4.8,97.9,0.279,0.519,0.581,0.542,12,22.8,0.221,0.525,13.4,74.4,0.21,Toyota Center,"740,392","18,058"
Indiana Pacers,IND,2019,27,48,34,50,32,3.33,-0.57,2.76,109.9,106.5,3.4,98.1,0.242,0.292,0.561,0.53,12.4,21.9,0.182,0.516,14.1,76.2,0.184,Bankers Life Fieldhouse,"689,310","16,812"
Los Angeles Clippers,LAC,2019,27.2,48,34,43,39,0.85,0.23,1.09,112.4,111.5,0.9,101.7,0.326,0.295,0.575,0.529,12.7,22,0.258,0.514,11.4,76,0.224,STAPLES Center,"710,327","17,325"
Los Angeles Lakers,LOS,2019,26.2,37,45,37,45,-1.72,0.39,-1.33,107.8,109.5,-1.7,103.2,0.257,0.342,0.554,0.527,13.4,22.2,0.18,0.516,12.2,76.4,0.192,STAPLES Center,"778,877","18,997"
Memphis Grizzlies,MEM,2019,27.7,33,49,34,48,-2.6,0.51,-2.08,106.1,108.8,-2.7,96.6,0.272,0.342,0.548,0.508,12.9,20,0.21,0.521,13.9,77.6,0.232,FedEx Forum,"638,332","15,569"
Miami Heat,MIA,2019,27,39,43,40,42,-0.23,-0.22,-0.45,107.3,107.6,-0.3,98.2,0.247,0.368,0.542,0.515,13.1,24.8,0.172,0.51,12.7,77.6,0.201,AmericanAirlines Arena,"805,264","19,641"
Milwaukee Bucks,MIL,2019,26.9,60,22,61,21,8.87,-0.82,8.04,113.8,105.2,8.6,103.3,0.255,0.419,0.583,0.55,12,20.8,0.197,0.503,11.5,80.3,0.162,Fiserv Forum,"721,692","17,602"
Minnesota Timberwolves,MIN,2019,26.2,36,46,37,45,-1.5,0.48,-1.02,111.4,112.9,-1.5,100.2,0.267,0.315,0.552,0.511,11.4,24.6,0.21,0.538,12.9,74.9,0.19,Target Center,"627,543","15,306"
New Orleans Pelicans,NOP,2019,25.7,33,49,38,44,-1.33,0.23,-1.1,111.4,112.6,-1.2,103.3,0.254,0.324,0.563,0.529,12.6,24.1,0.193,0.532,11.6,76.8,0.193,Smoothie King Center,"656,183","16,004"
New York Knicks,NYK,2019,23.4,17,65,19,63,-9.21,0.28,-8.93,104.5,113.7,-9.2,99.6,0.27,0.334,0.529,0.49,12.4,22.1,0.205,0.533,11.7,76.1,0.203,Madison Square Garden (IV),"779,087","19,002"
Oklahoma City Thunder,OKC,2019,25.7,49,33,50,32,3.4,0.15,3.56,110.3,107,3.3,102.8,0.266,0.347,0.545,0.514,11.7,26,0.19,0.523,14.4,78.2,0.206,Chesapeake Energy Arena,"746,323","18,203"
Orlando Magic,ORL,2019,25.7,42,40,43,39,0.71,-0.43,0.28,108.9,108.1,0.8,98.1,0.216,0.36,0.55,0.518,11.9,22,0.168,0.515,11.8,79.7,0.186,Amway Center,"720,024","17,431"
Philadelphia 76ers,PHI,2019,26.4,51,31,48,34,2.7,-0.44,2.25,112.6,110,2.6,101.6,0.312,0.342,0.574,0.532,12.9,24.5,0.241,0.512,11.1,78.6,0.206,Wells Fargo Center,"838,342","20,447"
Phoenix Suns,PHO,2019,24,19,63,19,63,-9.34,0.73,-8.61,105.9,115.1,-9.2,100.5,0.259,0.335,0.552,0.514,13.8,20.5,0.202,0.545,13.5,72.5,0.236,Talking Stick Resort Arena,"627,023","15,293"
Portland Trail Blazers,PLB,2019,26.2,53,29,51,31,4.2,0.24,4.43,114.7,110.5,4.2,99.1,0.258,0.339,0.568,0.528,12.1,26.6,0.21,0.516,11,77.9,0.195,Moda Center,"799,345","19,496"
Sacramento Kings,SAC,2019,24.8,39,43,38,44,-1.12,0.31,-0.81,110.4,111.5,-1.1,103.1,0.244,0.321,0.554,0.524,11.5,23.1,0.177,0.533,13.6,75.5,0.207,Golden 1 Center,"700,975","17,097"
San Antonio Spurs,SAN,2019,28.8,48,34,45,37,1.68,0.12,1.8,112.9,111.2,1.7,98.3,0.237,0.286,0.572,0.534,11,21,0.194,0.528,11,79.4,0.17,AT&T Center,"750,616","18,308"
Toronto Raptors,TOR,2019,27.3,58,24,56,26,6.09,-0.6,5.49,113.1,107.1,6,100.2,0.247,0.379,0.579,0.543,12.4,21.9,0.198,0.509,13.1,77.1,0.19,Scotiabank Arena,"812,822","19,825"
Utah Jazz,UTA,2019,27.3,50,32,54,28,5.26,0.03,5.28,110.9,105.7,5.2,100.3,0.295,0.394,0.572,0.538,13.4,22.9,0.217,0.507,12.4,80.3,0.189,Vivint Smart Home Arena,"750,546","18,306"
Washington Wizards,WAS,2019,26.5,32,50,34,48,-2.9,-0.4,-3.3,111.1,113.9,-2.8,101.4,0.266,0.37,0.567,0.531,12.3,21.3,0.204,0.546,13.5,74.1,0.199,Capital One Arena,"716,996","17,448"
League Average,LEA,2019,26.4,,,41,41,0,0,0,110.4,110.4,,100,0.259,0.359,0.56,0.524,12.4,22.9,0.198,0.524,12.4,77.1,0.198,,"732,148","17,853"
Atlanta Hawks,ATL,2018,25.4,24,58,27,55,-5.45,0.15,-5.3,105,110.6,-5.6,98.3,0.236,0.363,0.547,0.512,14.1,21.1,0.185,0.536,13.6,76.2,0.183,Philips Arena,"590,769","14,409"
Boston Celtics,BOS,2018,24.7,55,27,51,31,3.59,-0.35,3.23,107.6,103.9,3.7,96,0.243,0.357,0.552,0.518,13,21.5,0.188,0.495,13,78.4,0.191,TD Garden,"763,584","18,624"
Brooklyn Nets,BKN,2018,25.1,28,54,31,51,-3.74,0.07,-3.67,106.9,110.6,-3.7,98.9,0.26,0.411,0.551,0.514,13.6,21,0.201,0.517,11,77,0.201,Barclays Center,"640,010","15,376"
Charlotte Hornets,CLH,2018,26.6,36,46,42,40,0.26,-0.19,0.07,109.4,109.1,0.3,98.4,0.312,0.314,0.549,0.508,11.4,22.2,0.233,0.532,12.4,80.7,0.165,Spectrum Center,"671,404","16,376"
Chicago Bulls,CHI,2018,24.4,27,55,23,59,-7.04,0.2,-6.84,103.8,110.9,-7.1,98.3,0.216,0.35,0.529,0.497,12.6,20.6,0.164,0.542,12.4,80.6,0.184,United Center,"851,824","20,776"
Cleveland Cavaliers,CLE,2018,30.6,50,32,43,39,0.94,-0.35,0.59,112.9,111.9,1,98,0.275,0.379,0.584,0.547,12.6,20.1,0.214,0.54,12.2,77.3,0.166,Quicken Loans Arena,"843,042","20,562"
Dallas Mavericks,DAL,2018,27.7,24,58,33,49,-3.04,0.34,-2.7,106.3,109.5,-3.2,95.6,0.217,0.382,0.544,0.513,11.6,18,0.166,0.532,12.9,78.9,0.193,American Airlines Center,"811,453","19,792"
Denver Nuggets,DEN,2018,25.1,46,36,45,37,1.48,0.09,1.57,112.5,111,1.5,96.8,0.258,0.357,0.57,0.536,13.4,25.7,0.198,0.539,12.6,77.5,0.173,Pepsi Center,"702,796","17,141"
Detroit Pistons,DET,2018,25.9,39,43,41,41,-0.15,-0.11,-0.26,107.2,107.3,-0.1,96.2,0.227,0.333,0.543,0.512,12.3,22.7,0.169,0.524,13.7,78.5,0.172,Little Caesars Arena,"713,945","17,413"
Golden State Warriors,GOL,2018,28.8,58,24,56,26,5.98,-0.19,5.79,113.6,107.6,6,99.6,0.239,0.339,0.603,0.569,14.1,21,0.195,0.504,12.6,76.3,0.186,Oracle Arena,"803,436","19,596"
Houston Rockets,HOU,2018,29.8,65,17,61,21,8.48,-0.27,8.21,114.7,106.1,8.6,97.6,0.298,0.502,0.59,0.551,12.7,21.3,0.233,0.521,13.4,79.9,0.171,Toyota Center,"732,722","17,871"
Indiana Pacers,IND,2018,26.2,48,34,45,37,1.38,-0.2,1.18,109.5,108.1,1.4,96,0.222,0.284,0.557,0.525,12.3,22.7,0.173,0.527,14.2,76.2,0.174,Bankers Life Fieldhouse,"658,119","16,052"
Los Angeles Clippers,LAC,2018,27,42,40,41,41,0.04,0.11,0.15,110.3,110.2,0.1,98.7,0.299,0.314,0.564,0.527,13.2,23.5,0.222,0.52,12.6,76.1,0.203,STAPLES Center,"697,812","17,020"
Los Angeles Lakers,LOS,2018,23.7,35,47,37,45,-1.55,0.11,-1.44,106.5,108,-1.5,100.3,0.264,0.329,0.548,0.517,13.8,23.6,0.188,0.514,12.5,77.7,0.19,STAPLES Center,"776,327","18,935"
Memphis Grizzlies,MEM,2018,26,22,60,25,57,-6.21,0.39,-5.81,104.5,111,-6.5,94.9,0.255,0.317,0.539,0.5,14,22.4,0.201,0.529,13.8,76.5,0.256,FedEx Forum,"653,863","15,948"
Miami Heat,MIA,2018,26.5,44,38,42,40,0.48,-0.33,0.15,106.8,106.3,0.5,95.6,0.229,0.358,0.551,0.52,13.3,21.5,0.173,0.507,13.1,79,0.215,AmericanAirlines Arena,"804,850","19,630"
Milwaukee Bucks,MIL,2018,25.9,44,38,40,42,-0.3,-0.15,-0.45,109.8,110.1,-0.3,96.2,0.281,0.297,0.571,0.531,12.9,20.4,0.22,0.528,14.2,75.9,0.22,BMO Harris Bradley Center,"685,303","16,856"
Minnesota Timberwolves,MIN,2018,27.1,47,35,47,35,2.23,0.12,2.35,113.4,111.1,2.3,96,0.28,0.261,0.566,0.523,11.4,24.4,0.225,0.539,13.9,76.4,0.189,Target Center,"699,308","17,056"
New Orleans Pelicans,NOP,2018,27.6,48,34,44,38,1.3,0.18,1.48,109.6,108.3,1.3,100.5,0.237,0.319,0.573,0.541,13.3,20,0.183,0.513,12.5,76.7,0.175,Smoothie King Center,"673,920","16,437"
New York Knicks,NYK,2018,26.3,29,53,32,50,-3.56,0.03,-3.53,107.1,110.7,-3.6,96.8,0.216,0.266,0.544,0.51,13.3,24.1,0.17,0.522,12.2,76.7,0.208,Madison Square Garden (IV),"792,608","19,332"
Oklahoma City Thunder,OKC,2018,27.3,48,34,50,32,3.41,0,3.42,110.7,107.2,3.5,96.7,0.275,0.345,0.546,0.514,12.4,27.7,0.197,0.525,14.7,77.4,0.193,Chesapeake Energy Arena,"746,322","18,203"
Orlando Magic,ORL,2018,25.6,25,57,28,54,-4.82,-0.1,-4.92,105.2,110.1,-4.9,98.1,0.238,0.342,0.545,0.512,13.3,20,0.18,0.525,12.8,75.6,0.187,Amway Center,"734,531","17,915"
Philadelphia 76ers,PHI,2018,25.8,52,30,53,29,4.5,-0.2,4.3,109.5,105,4.5,99.8,0.263,0.344,0.568,0.535,14.6,25.3,0.198,0.492,12.6,78.6,0.218,Wells Fargo Center,"833,503","20,361"
Phoenix Suns,PHO,2018,23.7,21,61,19,63,-9.37,0.57,-8.8,103.5,112.8,-9.3,100.3,0.275,0.32,0.532,0.495,13.9,22.5,0.203,0.533,11.9,76.5,0.212,Talking Stick Resort Arena,"690,576","16,843"
Portland Trail Blazers,PLB,2018,25.6,49,33,48,34,2.6,0,2.6,109.1,106.4,2.7,96.5,0.24,0.324,0.549,0.511,12.3,23.3,0.192,0.503,11.7,79.1,0.193,Moda Center,"795,750","19,409"
Sacramento Kings,SAC,2018,26.4,27,55,23,59,-6.99,0.39,-6.6,103.7,111.1,-7.4,94.9,0.194,0.278,0.529,0.502,12.8,21.5,0.143,0.542,13.5,77.6,0.199,Golden 1 Center,"714,680","17,431"
San Antonio Spurs,SAN,2018,29.3,47,35,49,33,2.89,0,2.89,107.9,104.8,3.1,95,0.245,0.282,0.543,0.507,12.2,23.7,0.189,0.507,13.2,78.6,0.17,AT&T Center,"754,562","18,404"
Toronto Raptors,TOR,2018,25.8,59,23,60,22,7.78,-0.49,7.29,113.8,105.9,7.9,97.4,0.25,0.377,0.575,0.539,12.1,23,0.198,0.501,13,77.7,0.212,Air Canada Centre,"813,431","19,840"
Utah Jazz,UTA,2018,26.7,48,34,53,29,4.3,0.17,4.47,108.4,103.9,4.5,95.7,0.26,0.357,0.564,0.527,13.7,21.5,0.202,0.506,14,79.8,0.19,Vivint Smart Home Arena,"734,806","17,922"
Washington Wizards,WAS,2018,26.9,43,39,43,39,0.59,-0.06,0.53,109.3,108.7,0.6,96.6,0.254,0.31,0.56,0.525,13.3,23.5,0.196,0.522,13.6,77.1,0.212,Capital One Arena,"739,302","18,032"
League Average,LEA,2018,26.6,,,41,41,0,0,0,108.6,108.6,,97.3,0.252,0.337,0.556,0.521,13,22.3,0.193,0.521,13,77.7,0.193,,"737,485","17,989"
Atlanta Hawks,ATL,2017,27.9,43,39,39,43,-0.85,-0.38,-1.23,104.9,105.7,-0.8,97.4,0.295,0.309,0.541,0.504,14.2,23.6,0.215,0.507,13.8,76.1,0.179,Philips Arena,"654,306","15,959"
Boston Celtics,BOS,2017,25.9,53,29,48,34,2.63,-0.39,2.25,111.2,108.4,2.8,96.8,0.273,0.393,0.567,0.525,12.2,21.2,0.22,0.503,12.6,75.3,0.223,TD Garden,"760,690","18,553"
Brooklyn Nets,BKN,2017,26,20,62,24,58,-6.73,-0.01,-6.74,104.1,110.7,-6.6,101.3,0.289,0.371,0.551,0.507,14.7,19.6,0.228,0.513,11.6,76.1,0.212,Barclays Center,"632,608","15,429"
Charlotte Hornets,CLH,2017,26.5,36,46,42,40,0.2,-0.26,-0.07,108.8,108.6,0.2,95.7,0.279,0.335,0.547,0.501,10.7,19.9,0.227,0.523,12.1,79.6,0.164,Spectrum Center,"710,643","17,333"
Chicago Bulls,CHI,2017,26.9,41,41,42,40,0.43,-0.39,0.03,107.4,107,0.4,95.3,0.259,0.256,0.53,0.487,12.3,27,0.206,0.507,12.4,76.8,0.169,United Center,"888,882","21,680"
Cleveland Cavaliers,CLE,2017,29.2,51,31,49,33,3.18,-0.31,2.87,113.6,110.3,3.3,96.2,0.275,0.399,0.58,0.547,12.6,21.9,0.206,0.516,11.4,75.8,0.174,Quicken Loans Arena,"843,042","20,562"
Dallas Mavericks,DAL,2017,27.6,33,49,33,49,-2.93,0.4,-2.53,105.6,108.8,-3.2,92.2,0.225,0.366,0.541,0.505,11.6,18.1,0.18,0.529,14.4,77.6,0.218,American Airlines Center,"811,366","19,789"
Denver Nuggets,DEN,2017,25.2,40,42,42,40,0.51,0.19,0.7,113.2,112.7,0.5,98.3,0.276,0.329,0.568,0.53,13.2,27.3,0.214,0.532,10.9,78.7,0.194,Pepsi Center,"605,585","14,672"
Detroit Pistons,DET,2017,25.4,37,45,38,44,-1.12,-0.17,-1.29,106,107.1,-1.1,95,0.218,0.263,0.521,0.492,10.9,24.1,0.157,0.516,12.1,81.2,0.197,The Palace of Auburn Hills,"655,141","15,979"
Golden State Warriors,GOL,2017,28.2,67,15,67,15,11.63,-0.28,11.35,115.6,104,11.6,99.8,0.259,0.359,0.597,0.563,13.2,22.8,0.204,0.486,13.5,74.9,0.198,Oracle Arena,"803,436","19,596"
Houston Rockets,HOU,2017,27.4,55,27,55,27,5.77,0.08,5.84,114.7,109,5.7,100,0.304,0.462,0.583,0.545,13.3,24.6,0.233,0.519,13.2,75.8,0.194,Toyota Center,"695,903","16,973"
Indiana Pacers,IND,2017,27,42,40,40,42,-0.22,-0.42,-0.64,108.6,108.8,-0.2,95.9,0.261,0.272,0.558,0.516,12.8,21.2,0.212,0.512,13.6,75.5,0.225,Bankers Life Fieldhouse,"684,578","16,697"
Los Angeles Clippers,LAC,2017,30,51,31,52,30,4.29,0.13,4.42,112.7,108.2,4.5,96.1,0.312,0.329,0.574,0.537,12,21.5,0.233,0.506,12.1,76.9,0.211,STAPLES Center,"782,609","19,088"
Los Angeles Lakers,LOS,2017,25.1,26,56,24,58,-6.88,0.58,-6.29,106,113,-7,98.5,0.259,0.295,0.537,0.501,13.5,25,0.195,0.542,13,75.8,0.213,STAPLES Center,"776,917","18,949"
Memphis Grizzlies,MEM,2017,29.5,43,39,42,40,0.49,0.47,0.96,107.7,107.1,0.6,92.3,0.28,0.316,0.535,0.491,12.1,24.8,0.219,0.506,13.6,77.5,0.256,FedEx Forum,"677,314","16,520"
Miami Heat,MIA,2017,26.5,41,41,44,38,1.06,-0.29,0.77,107.8,106.7,1.1,95.2,0.251,0.314,0.541,0.512,12.4,24.2,0.177,0.496,12.6,76.4,0.22,AmericanAirlines Arena,"805,400","19,644"
Milwaukee Bucks,MIL,2017,25.6,42,40,40,42,-0.18,-0.26,-0.45,109.1,109.3,-0.2,94.5,0.274,0.29,0.565,0.527,13.2,21.5,0.21,0.518,13.6,75.4,0.215,BMO Harris Bradley Center,"648,952","15,828"
Minnesota Timberwolves,MIN,2017,24,31,51,38,44,-1.11,0.47,-0.64,110.8,112,-1.2,94.6,0.287,0.249,0.555,0.511,12.9,27.2,0.229,0.535,13.2,75.9,0.212,Target Center,"607,203","14,810"
New Orleans Pelicans,NOP,2017,25.7,34,48,35,47,-2.1,0.41,-1.69,105.2,107.4,-2.2,98,0.256,0.308,0.539,0.504,11.7,18.5,0.192,0.509,12.4,76.8,0.177,Smoothie King Center,"663,099","16,173"
New York Knicks,NYK,2017,27.3,31,51,31,51,-3.67,-0.2,-3.87,107.7,111.5,-3.8,96,0.239,0.279,0.534,0.496,12.4,26.6,0.188,0.511,11.7,74.1,0.214,Madison Square Garden (IV),"810,741","19,774"
Oklahoma City Thunder,OKC,2017,24.7,47,35,43,39,0.76,0.39,1.14,108.3,107.5,0.8,97.8,0.295,0.295,0.54,0.5,13.2,27.9,0.22,0.511,12.5,79,0.218,Chesapeake Energy Arena,"746,323","18,203"
Orlando Magic,ORL,2017,25.3,29,53,24,58,-6.57,-0.04,-6.61,103.7,110.5,-6.8,96.8,0.246,0.3,0.524,0.489,12.1,21.6,0.184,0.523,11.9,77.4,0.201,Amway Center,"727,875","17,753"
Philadelphia 76ers,PHI,2017,24.6,28,54,26,56,-5.7,-0.14,-5.83,103.2,108.9,-5.7,98.5,0.258,0.349,0.539,0.501,14.9,22.4,0.199,0.512,13.5,75.3,0.234,Wells Fargo Center,"710,557","17,331"
Phoenix Suns,PHO,2017,25,24,58,27,55,-5.63,0.49,-5.14,106.6,112.2,-5.6,100.3,0.297,0.255,0.538,0.493,13.4,26,0.231,0.525,13.1,76.4,0.264,Talking Stick Resort Arena,"708,639","17,134"
Portland Trail Blazers,PLB,2017,24.8,41,41,40,42,-0.52,0.3,-0.23,110.3,110.8,-0.5,96.7,0.275,0.322,0.559,0.52,12.5,23,0.214,0.508,11.6,76.8,0.241,Moda Center,"792,029","19,318"
Sacramento Kings,SAC,2017,27.9,32,50,31,51,-3.88,0.58,-3.29,107.3,111.3,-4,94.9,0.284,0.291,0.556,0.516,13.7,21,0.22,0.528,12.9,76.3,0.227,Golden 1 Center,"721,928","17,608"
San Antonio Spurs,SAN,2017,29.6,61,21,60,22,7.2,-0.06,7.13,111.1,103.5,7.6,94.2,0.263,0.281,0.564,0.524,12.6,24,0.21,0.492,13.5,77.6,0.192,AT&T Center,"755,347","18,423"
Toronto Raptors,TOR,2017,26.1,51,31,52,30,4.21,-0.56,3.65,112.3,107.8,4.5,94.7,0.293,0.289,0.561,0.517,11.8,25,0.233,0.507,13.5,76.3,0.223,Air Canada Centre,"813,050","19,830"
Utah Jazz,UTA,2017,26.8,51,31,52,30,3.94,0.06,4,109.6,105.3,4.3,91.6,0.288,0.327,0.563,0.526,13.2,23.2,0.215,0.493,11.8,78.9,0.195,Vivint Smart Home Arena,"806,142","19,662"
Washington Wizards,WAS,2017,26,49,33,46,36,1.8,-0.45,1.36,111.2,109.3,1.9,97.4,0.254,0.284,0.564,0.528,12.8,24.1,0.199,0.524,13.8,75.5,0.213,Verizon Center,"697,107","17,003"
League Average,LEA,2017,26.6,,,41,41,0,0,0,108.8,108.8,,96.4,0.271,0.316,0.552,0.514,12.7,23.3,0.209,0.514,12.7,76.7,0.209,,"733,247","17,880"
Atlanta Hawks,ATL,2016,28.2,48,34,51,31,3.61,-0.12,3.49,105.1,101.4,3.7,97.1,0.237,0.336,0.552,0.516,13.8,19.1,0.185,0.48,14.4,74.6,0.194,Philips Arena,"690,150","16,833"
Boston Celtics,BOS,2016,25.2,48,34,50,32,3.21,-0.37,2.84,106.8,103.6,3.2,98.5,0.264,0.293,0.531,0.488,12.1,25.1,0.208,0.487,14.6,74.6,0.231,TD Garden,"749,076","18,270"
Brooklyn Nets,BKN,2016,26.9,21,61,22,60,-7.35,0.24,-7.12,103.2,110.9,-7.7,95.2,0.246,0.218,0.527,0.492,13.6,24.1,0.186,0.534,13.1,75.7,0.176,Barclays Center,"620,142","15,125"
Charlotte Hornets,CLH,2016,26,48,34,49,33,2.72,-0.36,2.36,107.1,104.3,2.8,95.7,0.28,0.348,0.545,0.502,11.7,20,0.222,0.496,12.5,79.8,0.191,Time Warner Cable Arena,"716,894","17,485"
Chicago Bulls,CHI,2016,27.6,42,40,37,45,-1.48,0.01,-1.46,105,106.5,-1.5,95.7,0.24,0.244,0.526,0.487,12.6,24.5,0.189,0.485,10.7,74.9,0.182,United Center,"894,659","21,821"
Cleveland Cavaliers,CLE,2016,28.1,57,25,57,25,6,-0.55,5.45,110.9,104.5,6.4,93.3,0.259,0.352,0.558,0.524,12.7,25.1,0.194,0.496,12.6,78.5,0.205,Quicken Loans Arena,"843,042","20,562"
Dallas Mavericks,DAL,2016,30.3,42,40,40,42,-0.3,0.29,-0.02,106.7,107,-0.3,94.3,0.265,0.339,0.544,0.502,12,20.6,0.211,0.504,12.8,76.2,0.198,American Airlines Center,"825,901","20,144"
Denver Nuggets,DEN,2016,24.7,33,49,33,49,-3.1,0.29,-2.81,105.6,108.9,-3.3,95.7,0.282,0.277,0.531,0.489,13.2,25.8,0.216,0.515,12.6,77.3,0.216,Pepsi Center,"577,898","14,095"
Detroit Pistons,DET,2016,25,44,38,43,39,0.61,-0.18,0.43,106.1,105.5,0.6,95.1,0.296,0.303,0.522,0.491,12.2,27,0.197,0.504,12.5,79.3,0.196,The Palace of Auburn Hills,"677,138","16,516"
Golden State Warriors,GOL,2016,27.4,73,9,65,17,10.76,-0.38,10.38,114.5,103.8,10.7,99.3,0.25,0.362,0.593,0.563,13.5,23.5,0.191,0.479,12.6,76,0.208,Oracle Arena,"803,436","19,596"
Houston Rockets,HOU,2016,27.8,41,41,42,40,0.2,0.14,0.34,108.3,108.1,0.2,97.6,0.352,0.37,0.553,0.516,14.2,25.7,0.244,0.516,14.7,72.8,0.219,Toyota Center,"737,244","17,982"
Indiana Pacers,IND,2016,26.9,45,37,46,36,1.71,-0.09,1.62,104.6,102.9,1.7,96.6,0.268,0.27,0.536,0.497,13.5,23.4,0.205,0.489,14.3,76,0.205,Bankers Life Fieldhouse,"690,733","16,847"
Los Angeles Clippers,LAC,2016,29.7,53,29,53,29,4.28,-0.15,4.13,108.3,103.8,4.5,95.8,0.318,0.324,0.556,0.524,12.1,20.1,0.22,0.48,13.8,73.8,0.222,STAPLES Center,"786,910","19,193"
Los Angeles Lakers,LOS,2016,26.5,17,65,17,65,-9.56,0.64,-8.92,101.6,111.6,-10,95.6,0.292,0.29,0.509,0.46,12.5,23.1,0.228,0.523,11.6,74.7,0.202,STAPLES Center,"778,877","18,997"
Memphis Grizzlies,MEM,2016,30.5,42,40,35,47,-2.24,0.11,-2.14,105.4,107.8,-2.4,93.3,0.295,0.222,0.524,0.477,12.3,25.3,0.231,0.518,15.2,75.1,0.251,FedEx Forum,"701,894","17,119"
Miami Heat,MIA,2016,28.4,48,34,46,36,1.65,-0.14,1.5,106.1,104.4,1.7,93.6,0.282,0.221,0.545,0.508,13.3,23.8,0.21,0.485,12.1,77.8,0.196,AmericanAirlines Arena,"809,350","19,740"
Milwaukee Bucks,MIL,2016,23.5,33,49,29,53,-4.18,0.2,-3.98,104.3,108.7,-4.4,94.2,0.276,0.189,0.537,0.499,14.2,24.9,0.207,0.51,14.2,73.1,0.221,BMO Harris Bradley Center,"621,808","15,166"
Minnesota Timberwolves,MIN,2016,24.6,29,53,31,51,-3.54,0.15,-3.38,106.5,110.1,-3.6,95.2,0.332,0.202,0.549,0.498,13.9,24.3,0.263,0.524,13.6,74.7,0.2,Target Center,"581,178","14,175"
New Orleans Pelicans,NOP,2016,26.6,30,52,31,51,-3.79,0.24,-3.56,105.6,109.5,-3.9,96.8,0.259,0.277,0.537,0.498,12.3,21.2,0.201,0.523,12.7,78.8,0.225,Smoothie King Center,"688,549","16,794"
New York Knicks,NYK,2016,27.2,32,50,33,49,-2.73,0,-2.74,104.6,107.6,-3,93.4,0.255,0.256,0.527,0.483,12.6,23.7,0.205,0.487,10.5,75.8,0.204,Madison Square Garden (IV),"812,292","19,812"
Oklahoma City Thunder,OKC,2016,25.8,55,27,59,23,7.28,-0.19,7.09,113.1,105.6,7.5,96.7,0.292,0.275,0.565,0.524,14,31.1,0.228,0.484,11.7,76,0.205,Chesapeake Energy Arena,"746,323","18,203"
Orlando Magic,ORL,2016,23.9,35,47,36,46,-1.62,-0.06,-1.68,105.1,106.8,-1.7,96,0.232,0.255,0.533,0.5,12.8,23.1,0.175,0.513,13.8,76.5,0.215,Amway Center,"719,275","17,515"
Philadelphia 76ers,PHI,2016,23.3,10,72,16,66,-10.23,0.31,-9.92,98.8,109.2,-10.4,97.9,0.269,0.327,0.519,0.487,14.8,20.6,0.186,0.51,13.5,74,0.24,Wells Fargo Center,"614,650","14,991"
Phoenix Suns,PHO,2016,26,23,59,24,58,-6.66,0.34,-6.32,102.2,109,-6.8,98.5,0.271,0.302,0.526,0.487,15.2,25.4,0.204,0.523,13.5,77.1,0.237,Talking Stick Resort Arena,"701,405","17,107"
Portland Trail Blazers,PLB,2016,24.3,44,38,43,39,0.83,0.15,0.98,108.8,108,0.8,96,0.268,0.332,0.548,0.511,13.2,25.9,0.202,0.503,12.1,76.2,0.225,Moda Center,"794,085","19,368"
Sacramento Kings,SAC,2016,26.6,33,49,34,48,-2.48,0.16,-2.32,106,108.4,-2.4,100,0.295,0.26,0.546,0.51,14.2,23.9,0.214,0.521,14,74.9,0.202,Sleep Train Arena,"707,526","17,222"
San Antonio Spurs,SAN,2016,30.3,67,15,67,15,10.63,-0.36,10.28,110.3,99,11.3,93.8,0.246,0.223,0.564,0.526,12.4,23,0.197,0.477,14.1,79.1,0.182,AT&T Center,"756,445","18,450"
Toronto Raptors,TOR,2016,26.3,56,26,53,29,4.5,-0.42,4.08,110,105.2,4.8,92.9,0.328,0.287,0.552,0.504,12.3,24.6,0.255,0.498,12.7,77.7,0.201,Air Canada Centre,"812,863","19,826"
Utah Jazz,UTA,2016,24.2,40,42,46,36,1.79,0.05,1.84,105.9,103.9,2,91,0.286,0.297,0.54,0.501,14.2,25.9,0.213,0.495,13.5,77.7,0.21,Vivint Smart Home Arena,"791,489","19,305"
Washington Wizards,WAS,2016,27.3,41,41,40,42,-0.5,0,-0.5,105.3,105.8,-0.5,98.5,0.263,0.282,0.544,0.511,13.1,20.6,0.192,0.515,14.6,77.7,0.218,Verizon Center,"725,426","17,693"
League Average,LEA,2016,26.8,,,41,41,0,0,0,106.4,106.4,,95.8,0.276,0.285,0.541,0.502,13.2,23.8,0.209,0.502,13.2,76.2,0.209,,"732,555","17,866"
Atlanta Hawks,ATL,2015,27.8,60,22,56,26,5.43,-0.68,4.75,108.9,103.1,5.8,93.9,0.259,0.321,0.563,0.527,13.5,21.4,0.201,0.492,14.9,73.4,0.185,Philips Arena,"713,909","17,412"
Boston Celtics,BOS,2015,25,40,42,41,41,0.16,-0.56,-0.4,104.7,104.5,0.2,95.8,0.233,0.28,0.523,0.489,12.5,24.7,0.176,0.494,13.7,75,0.208,TD Garden,"721,350","17,594"
Brooklyn Nets,BKN,2015,28.6,38,44,33,49,-2.88,-0.25,-3.13,104.4,107.4,-3,92.7,0.267,0.24,0.529,0.491,13,23.9,0.2,0.506,12.9,73.7,0.185,Barclays Center,"698,529","17,037"
Charlotte Hornets,CLH,2015,26,33,49,32,50,-3.17,-0.27,-3.44,100.1,103.5,-3.4,93,0.269,0.226,0.498,0.456,11.2,22.1,0.202,0.487,12,79.3,0.188,Time Warner Cable Arena,"704,886","17,192"
Chicago Bulls,CHI,2015,28.8,50,32,50,32,3,-0.46,2.54,107.5,104.3,3.2,92.8,0.304,0.269,0.536,0.489,12.9,27,0.238,0.473,11.3,74.4,0.182,United Center,"886,612","21,625"
Cleveland Cavaliers,CLE,2015,26.9,53,29,53,29,4.48,-0.4,4.08,111.1,106.3,4.8,92.3,0.287,0.334,0.557,0.52,13.4,26.8,0.216,0.502,12.6,74.7,0.177,Quicken Loans Arena,"843,042","20,562"
Dallas Mavericks,DAL,2015,29.9,50,32,49,33,2.9,0.46,3.36,109.5,106.4,3.1,95.2,0.262,0.296,0.55,0.515,11.9,23.6,0.197,0.503,14.7,72.2,0.204,American Airlines Center,"827,702","20,188"
Denver Nuggets,DEN,2015,26.4,30,52,31,51,-3.55,0.48,-3.07,104.5,108.2,-3.7,96.1,0.278,0.284,0.518,0.479,12.7,26.6,0.204,0.504,13,74.7,0.239,Pepsi Center,"602,707","14,700"
Detroit Pistons,DET,2015,25.9,32,50,38,44,-1,-0.39,-1.39,105.3,106.4,-1.1,92.8,0.261,0.29,0.515,0.482,12.3,27.7,0.184,0.502,13.2,75,0.192,The Palace of Auburn Hills,"625,917","15,266"
Golden State Warriors,GOL,2015,26.6,67,15,65,17,10.1,-0.09,10.01,111.6,101.4,10.2,98.3,0.239,0.311,0.571,0.54,13.1,24.1,0.184,0.47,14.3,74.5,0.217,Oracle Arena,"803,436","19,596"
Houston Rockets,HOU,2015,27.6,56,26,50,32,3.44,0.38,3.82,107,103.4,3.6,96.5,0.312,0.392,0.548,0.512,15,26.8,0.223,0.486,14.6,72.9,0.208,Toyota Center,"747,412","18,230"
Indiana Pacers,IND,2015,28.3,38,44,42,40,0.28,-0.51,-0.23,103.5,103.2,0.3,93.2,0.266,0.255,0.523,0.484,13.1,24,0.201,0.478,12,77.9,0.217,Bankers Life Fieldhouse,"691,434","16,864"
Los Angeles Clippers,LAC,2015,28.8,56,26,58,24,6.59,0.22,6.8,112.4,105.5,6.9,94.7,0.303,0.322,0.565,0.533,11.6,22.8,0.215,0.493,13.2,75.7,0.231,STAPLES Center,"785,892","19,168"
Los Angeles Lakers,LOS,2015,27,21,61,23,59,-6.84,0.67,-6.17,103.4,110.6,-7.2,94,0.276,0.22,0.513,0.473,12.1,25.4,0.204,0.518,12.1,76.3,0.231,STAPLES Center,"768,244","18,738"
Memphis Grizzlies,MEM,2015,29.6,55,27,50,32,3.24,0.38,3.62,105.7,102.2,3.5,92,0.276,0.184,0.531,0.489,12.6,24.7,0.214,0.492,14.5,75.3,0.183,FedEx Forum,"710,502","17,329"
Miami Heat,MIA,2015,28.5,37,45,33,49,-2.6,-0.32,-2.92,103.9,106.7,-2.8,90.9,0.306,0.262,0.54,0.5,14.5,23.2,0.227,0.505,14.2,73.4,0.213,AmericanAirlines Arena,"808,223","19,713"
Milwaukee Bucks,MIL,2015,24.6,41,41,42,40,0.43,-0.52,-0.09,102.7,102.2,0.5,94.1,0.258,0.223,0.536,0.499,15.5,25.4,0.195,0.487,15.9,73.3,0.221,BMO Harris Bradley Center,"593,910","14,813"
Minnesota Timberwolves,MIN,2015,24.4,16,66,19,63,-8.79,0.79,-8,102.9,112.2,-9.3,94.4,0.309,0.179,0.517,0.468,13.7,26.6,0.24,0.537,13.9,71.6,0.187,Target Center,"595,652","14,416"
New Orleans Pelicans,NOP,2015,25.3,45,37,43,39,0.79,0.34,1.13,108.2,107.3,0.9,91.4,0.263,0.233,0.537,0.501,12.5,27.1,0.198,0.496,11.7,75.1,0.195,Smoothie King Center,"683,757","16,677"
New York Knicks,NYK,2015,26.9,17,65,17,65,-9.32,-0.18,-9.5,99.9,110,-10.1,91.2,0.234,0.24,0.508,0.47,14,24.5,0.18,0.512,13.3,73.1,0.234,Madison Square Garden (IV),"812,292","19,812"
Oklahoma City Thunder,OKC,2015,25.4,45,37,47,35,2.18,0.28,2.47,107.8,105.5,2.3,95.7,0.284,0.262,0.532,0.492,13.1,28.9,0.214,0.489,12.4,75.6,0.213,Chesapeake Energy Arena,"746,323","18,203"
Orlando Magic,ORL,2015,24.3,25,57,25,57,-5.72,-0.15,-5.87,101.6,107.7,-6.1,93.8,0.23,0.235,0.524,0.494,14,23.1,0.168,0.514,13.6,76,0.21,Amway Center,"688,194","16,785"
Philadelphia 76ers,PHI,2015,23.2,18,64,18,64,-8.98,-0.07,-9.04,95.5,104.8,-9.3,95.7,0.288,0.319,0.494,0.459,16,25.5,0.195,0.497,15.2,73,0.225,Wells Fargo Center,"571,572","13,941"
Phoenix Suns,PHO,2015,25.7,39,43,38,44,-0.9,0.52,-0.38,105.3,106.2,-0.9,96.3,0.251,0.291,0.537,0.501,13.7,24.5,0.191,0.497,14,73.5,0.221,US Airways Center,"693,862","16,923"
Portland Trail Blazers,PLB,2015,27,51,31,53,29,4.23,0.18,4.41,108.2,103.7,4.5,94.2,0.225,0.316,0.544,0.508,12.6,24.2,0.18,0.476,11.3,76.2,0.182,Moda Center,"798,368","19,472"
Sacramento Kings,SAC,2015,26,29,53,31,51,-3.71,0.64,-3.07,105.3,109.2,-3.9,95.4,0.363,0.204,0.542,0.49,14.8,26.5,0.276,0.507,11.8,75.2,0.2,Sleep Train Arena,"680,049","16,587"
San Antonio Spurs,SAN,2015,29.8,55,27,58,24,6.2,0.14,6.34,108.5,102,6.5,93.8,0.256,0.269,0.555,0.517,13.1,23.4,0.2,0.484,13.3,77.3,0.19,AT&T Center,"762,855","18,606"
Toronto Raptors,TOR,2015,26.1,49,33,49,33,3.07,-0.62,2.45,111,107.7,3.3,92.8,0.295,0.302,0.553,0.508,12,25.6,0.232,0.506,13.4,73.3,0.208,Air Canada Centre,"809,824","19,752"
Utah Jazz,UTA,2015,23.4,38,44,42,40,0.22,0.49,0.71,105.1,104.9,0.2,90.4,0.297,0.274,0.531,0.494,14.6,29.1,0.214,0.491,12.8,76.3,0.199,EnergySolutions Arena,"772,059","18,831"
Washington Wizards,WAS,2015,28.6,46,36,43,39,0.72,-0.55,0.17,103.7,103,0.7,93.7,0.259,0.203,0.534,0.499,14,24.9,0.192,0.481,12.9,77.3,0.21,Verizon Center,"747,796","18,239"
League Average,LEA,2015,26.8,,,41,41,0,0,0,105.6,105.6,,93.9,0.273,0.268,0.534,0.496,13.3,25.1,0.205,0.496,13.3,74.9,0.205,,"729,877","17,814"
Atlanta Hawks,ATL,2014,27.5,38,44,40,42,-0.48,-0.4,-0.88,105.9,106.4,-0.5,94.6,0.266,0.316,0.554,0.515,14.3,21,0.208,0.51,14,74.4,0.196,Philips Arena,"587,927","14,231"
Boston Celtics,BOS,2014,25.4,25,57,28,54,-4.46,-0.51,-4.97,102.9,107.7,-4.8,93.3,0.248,0.251,0.517,0.477,14.2,27.4,0.193,0.505,13.4,74.2,0.227,TD Garden,"742,400","18,107"
Brooklyn Nets,BKN,2014,30,44,38,38,44,-1,-0.58,-1.58,106.7,107.7,-1,91.4,0.313,0.301,0.555,0.514,14.1,21.7,0.236,0.509,14.9,72.3,0.236,Barclays Center,"707,331","17,252"
Charlotte Hornets,CLH,2014,25.5,43,39,40,42,-0.22,-0.67,-0.89,103.6,103.8,-0.2,92.4,0.297,0.219,0.522,0.481,11.7,21.9,0.219,0.491,12.6,77.6,0.183,Time Warner Cable Arena,"636,268","15,519"
Chicago Bulls,CHI,2014,28.6,48,34,47,35,1.85,-0.66,1.2,102.5,100.5,2,90.2,0.29,0.222,0.518,0.471,14.2,27.2,0.226,0.471,13.7,75.4,0.189,United Center,"890,370","21,716"
Cleveland Cavaliers,CLE,2014,24.9,33,49,32,50,-3.29,-0.57,-3.86,104.2,107.7,-3.5,93.1,0.268,0.236,0.518,0.479,13,27.2,0.201,0.508,13,75.8,0.199,Quicken Loans Arena,"710,522","17,330"
Dallas Mavericks,DAL,2014,30.6,49,33,48,34,2.4,0.5,2.91,111.2,108.7,2.5,93.5,0.253,0.274,0.564,0.526,12.7,24.6,0.201,0.515,14.8,72.7,0.229,American Airlines Center,"817,982","19,951"
Denver Nuggets,DEN,2014,26,36,46,35,47,-2.15,0.75,-1.4,106,108.2,-2.2,98.1,0.306,0.278,0.536,0.497,14,27.5,0.222,0.5,12.8,74.5,0.233,Pepsi Center,"692,898","16,900"
Detroit Pistons,DET,2014,24.7,29,53,31,51,-3.66,-0.48,-4.13,105.9,109.7,-3.8,94.9,0.296,0.222,0.514,0.482,12.9,31.4,0.199,0.52,13.8,73.4,0.218,The Palace of Auburn Hills,"616,005","15,025"
Golden State Warriors,GOL,2014,26.3,51,31,54,28,4.8,0.34,5.15,107.5,102.6,4.9,96.2,0.247,0.291,0.55,0.517,13.8,25.1,0.186,0.477,13.6,76.3,0.224,Oracle Arena,"803,436","19,596"
Houston Rockets,HOU,2014,25.4,54,28,53,29,4.56,0.5,5.06,111,106.3,4.7,96.3,0.386,0.33,0.571,0.531,14.6,27.4,0.275,0.489,12.5,74.1,0.193,Toyota Center,"743,082","18,124"
Indiana Pacers,IND,2014,27.2,56,26,54,28,4.4,-0.77,3.63,104.1,99.3,4.8,92.5,0.29,0.235,0.535,0.49,14.3,24.9,0.226,0.46,12.9,76.8,0.197,Bankers Life Fieldhouse,"717,542","17,501"
Los Angeles Clippers,LAC,2014,28.1,57,25,59,23,6.98,0.3,7.27,112.1,104.8,7.3,95.9,0.353,0.291,0.567,0.526,12.7,25,0.258,0.484,13.8,72.5,0.222,STAPLES Center,"787,692","19,212"
Los Angeles Lakers,LOS,2014,26.8,27,55,25,57,-6.29,0.96,-5.33,104.2,110.6,-6.4,98.7,0.263,0.291,0.542,0.505,13.7,20.2,0.199,0.513,12.4,71,0.192,STAPLES Center,"771,974","18,829"
Memphis Grizzlies,MEM,2014,28.5,50,32,46,36,1.57,0.61,2.18,106.3,104.6,1.7,89.9,0.248,0.171,0.529,0.494,13.1,28.3,0.184,0.497,13.8,75.7,0.199,FedEx Forum,"685,458","16,718"
Miami Heat,MIA,2014,30.6,54,28,54,28,4.76,-0.61,4.15,110.9,105.8,5.1,91.2,0.3,0.292,0.59,0.554,14.6,20.6,0.228,0.511,15.8,73,0.212,AmericanAirlines Arena,"811,036","19,781"
Milwaukee Bucks,MIL,2014,24.7,15,67,20,62,-8.18,-0.23,-8.41,103,111.8,-8.8,91.8,0.274,0.231,0.519,0.479,14.1,27.1,0.204,0.52,13.2,71.4,0.225,BMO Harris Bradley Center,"552,067","13,465"
Minnesota Timberwolves,MIN,2014,26.3,40,42,48,34,2.67,0.43,3.1,108.9,106.2,2.7,97.3,0.321,0.245,0.535,0.486,12.2,27.4,0.249,0.518,14.8,74.4,0.177,Target Center,"597,157","14,565"
New Orleans Pelicans,NOP,2014,24.3,34,48,33,49,-2.71,0.73,-1.98,107.2,110.1,-2.9,92.2,0.286,0.193,0.537,0.495,12.9,26.9,0.22,0.515,13.6,73.8,0.249,Smoothie King Center,"672,029","16,391"
New York Knicks,NYK,2014,28.3,37,45,39,43,-0.79,-0.61,-1.4,108.3,109.1,-0.8,90.3,0.248,0.302,0.541,0.505,12.5,25.1,0.189,0.514,14,74.3,0.245,Madison Square Garden (IV),"812,292","19,812"
Oklahoma City Thunder,OKC,2014,26.2,59,23,58,24,6.34,0.32,6.66,110.5,103.9,6.6,95.4,0.303,0.271,0.566,0.52,14,26.5,0.244,0.488,13.9,75.6,0.221,Chesapeake Energy Arena,"746,323","18,203"
Orlando Magic,ORL,2014,24.6,23,59,26,56,-5.44,-0.44,-5.88,101.7,107.4,-5.7,93.6,0.253,0.235,0.525,0.487,13.9,22.4,0.193,0.504,13,75.5,0.211,Amway Center,"666,046","16,245"
Philadelphia 76ers,PHI,2014,23.4,19,63,16,66,-10.45,-0.21,-10.66,99.4,109.9,-10.5,99.2,0.268,0.258,0.51,0.475,14.8,24.8,0.19,0.524,14.9,72.4,0.244,Wells Fargo Center,"568,632","13,869"
Phoenix Suns,PHO,2014,26.2,48,34,48,34,2.63,0.39,3.02,109.5,106.7,2.8,95.8,0.293,0.3,0.558,0.519,14,26.4,0.222,0.496,13.9,73.7,0.237,US Airways Center,"650,739","15,872"
Portland Trail Blazers,PLB,2014,25.8,54,28,52,30,3.99,0.45,4.44,111.5,107.4,4.1,94.9,0.27,0.29,0.548,0.504,12.4,28,0.22,0.488,11,74.7,0.194,Moda Center,"809,612","19,747"
Sacramento Kings,SAC,2014,24.9,28,54,33,49,-2.9,0.82,-2.08,105.7,108.8,-3.1,94.4,0.331,0.218,0.532,0.484,13.9,27.8,0.251,0.512,12.7,76.6,0.234,Sleep Train Arena,"667,949","16,291"
San Antonio Spurs,SAN,2014,28.9,62,20,61,21,7.72,0.28,8,110.5,102.4,8.1,95,0.24,0.257,0.571,0.537,13.5,22.7,0.188,0.482,12.8,76.4,0.184,AT&T Center,"755,031","18,415"
Toronto Raptors,TOR,2014,25.6,48,34,50,32,3.24,-0.69,2.55,108.8,105.3,3.5,91.8,0.306,0.285,0.545,0.498,13.2,27.2,0.239,0.493,14.1,74.9,0.237,Air Canada Centre,"748,339","18,252"
Utah Jazz,UTA,2014,24.5,25,57,22,60,-7.17,0.91,-6.27,103.5,111.3,-7.8,91.4,0.271,0.237,0.523,0.484,13.9,25.5,0.202,0.518,12.1,74.5,0.227,EnergySolutions Arena,"745,203","18,176"
Washington Wizards,WAS,2014,26.3,44,38,45,37,1.27,-0.79,0.48,106,104.6,1.4,93.2,0.248,0.246,0.538,0.506,13.6,25.2,0.181,0.504,15,75.7,0.22,Verizon Center,"698,068","17,026"
League Average,LEA,2014,26.6,,,41,41,0,0,0,106.7,106.7,,93.9,0.284,0.259,0.541,0.501,13.6,25.5,0.215,0.501,13.6,74.5,0.215,,"713,714","17,407"
Atlanta Hawks,ATL,2013,27.1,44,38,42,40,0.4,-0.48,-0.08,104.8,104.4,0.4,92.6,0.244,0.286,0.546,0.517,14.2,22.2,0.174,0.496,14.2,73.6,0.181,Philips Arena,"620,146","15,126"
Boston Celtics,BOS,2013,29.1,41,40,40,41,-0.22,-0.4,-0.62,103.1,103.3,-0.2,91.7,0.263,0.215,0.542,0.503,14.1,20.1,0.204,0.482,14.2,73.3,0.216,TD Garden,"744,960","18,624"
Brooklyn Nets,BKN,2013,28.6,49,33,46,36,1.78,-0.53,1.25,108.2,106.2,2,88.8,0.299,0.269,0.536,0.498,14,30.9,0.219,0.503,13.1,73.7,0.174,Barclays Center,"704,702","17,188"
Charlotte Hornets,CLH,2013,24.4,21,61,17,65,-9.23,-0.06,-9.29,101.5,111.5,-10,91.5,0.31,0.21,0.507,0.46,13.2,25.7,0.233,0.524,13.2,71.1,0.197,Time Warner Cable Arena,"628,293","15,324"
Chicago Bulls,CHI,2013,28,45,37,42,40,0.32,-0.33,-0.02,103.5,103.2,0.3,89.3,0.259,0.189,0.512,0.47,13.6,29.4,0.201,0.477,13.2,73.6,0.206,United Center,"896,944","21,877"
Cleveland Cavaliers,CLE,2013,24.1,24,58,28,54,-4.68,-0.19,-4.87,104.3,109.4,-5.1,92.3,0.265,0.229,0.514,0.473,13,28.1,0.2,0.523,14.4,72.6,0.225,Quicken Loans Arena,"663,882","16,192"
Dallas Mavericks,DAL,2013,29.5,41,41,39,43,-0.6,0.36,-0.24,105.9,106.5,-0.6,94.1,0.242,0.236,0.544,0.506,13,21.8,0.192,0.492,13.3,73.1,0.227,American Airlines Center,"821,490","20,036"
Denver Nuggets,DEN,2013,26.1,57,25,55,27,5.09,0.28,5.37,110.4,105.1,5.3,95.1,0.308,0.217,0.549,0.515,13.6,31.4,0.216,0.493,14.3,71.8,0.193,Pepsi Center,"730,616","17,820"
Detroit Pistons,DET,2013,25.3,29,53,29,53,-3.99,-0.34,-4.33,103.8,108.1,-4.3,90.8,0.282,0.217,0.521,0.487,14.3,28.3,0.197,0.505,13.1,73,0.209,The Palace of Auburn Hills,"606,094","14,685"
Golden State Warriors,GOL,2013,25.3,47,35,44,38,0.89,0.42,1.32,106.4,105.5,0.9,94.5,0.255,0.239,0.545,0.506,14,25.4,0.201,0.486,12.4,75.5,0.211,Oracle Arena,"794,320","19,374"
Houston Rockets,HOU,2013,24.4,45,37,50,32,3.48,0.22,3.69,109.7,106.1,3.6,96.1,0.308,0.349,0.564,0.525,14.9,26.4,0.232,0.502,13.5,75.2,0.196,Toyota Center,"683,564","16,672"
Indiana Pacers,IND,2013,25.7,49,32,52,29,4.02,-0.69,3.34,104.3,99.8,4.5,90.2,0.293,0.245,0.521,0.479,14.3,30.3,0.219,0.453,12.9,74.6,0.197,Bankers Life Fieldhouse,"626,069","15,270"
Los Angeles Clippers,LAC,2013,28.8,56,26,59,23,6.45,-0.02,6.43,110.6,103.6,7,91.1,0.286,0.265,0.557,0.526,13.9,28.8,0.203,0.492,15.4,73.5,0.229,STAPLES Center,"788,293","19,227"
Los Angeles Lakers,LOS,2013,30.7,45,37,44,38,1.16,0.32,1.48,107.8,106.6,1.2,94.4,0.345,0.303,0.548,0.512,13.9,27,0.239,0.496,11.9,74.3,0.163,STAPLES Center,"778,877","18,997"
Memphis Grizzlies,MEM,2013,27,56,26,54,28,4.15,0.18,4.32,104.9,100.3,4.6,88.4,0.261,0.166,0.514,0.472,13.3,31,0.202,0.475,15.2,74.3,0.209,FedEx Forum,"681,613","16,625"
Miami Heat,MIA,2013,30.3,66,16,62,20,7.87,-0.84,7.03,112.3,103.7,8.6,90.7,0.297,0.285,0.588,0.552,13.7,22.2,0.224,0.487,14.8,73,0.2,AmericanAirlines Arena,"819,290","19,983"
Milwaukee Bucks,MIL,2013,26.4,38,44,37,45,-1.5,-0.33,-1.83,103.6,105.2,-1.6,94.7,0.236,0.232,0.51,0.476,12.7,27.9,0.174,0.492,14.4,71.3,0.201,BMO Harris Bradley Center,"616,469","15,036"
Minnesota Timberwolves,MIN,2013,26.4,31,51,34,48,-2.37,0.54,-1.83,102.9,105.4,-2.5,92.8,0.305,0.22,0.516,0.473,13.8,27.4,0.226,0.511,15,74,0.187,Target Center,"669,956","16,340"
New Orleans Pelicans,NOP,2013,24,27,55,30,52,-3.87,0.75,-3.12,105.7,110.1,-4.4,88.5,0.248,0.224,0.528,0.489,14,29.2,0.193,0.52,13.1,74.4,0.208,New Orleans Arena,"565,930","13,803"
New York Knicks,NYK,2013,30.2,54,28,53,29,4.23,-0.5,3.73,111.1,106.3,4.8,89.8,0.258,0.354,0.55,0.515,11.7,25.6,0.196,0.508,14.8,74.7,0.216,Madison Square Garden (IV),"780,353","19,033"
Oklahoma City Thunder,OKC,2013,26,60,22,64,18,9.21,-0.06,9.15,112.4,102.6,9.8,93.3,0.338,0.244,0.58,0.527,14.4,26.7,0.28,0.469,13.5,73.4,0.197,Chesapeake Energy Arena,"746,323","18,203"
Orlando Magic,ORL,2013,24.6,20,62,22,60,-6.99,-0.14,-7.12,101.6,109.1,-7.5,92.2,0.197,0.223,0.514,0.485,13.7,25.4,0.149,0.508,11.8,74.6,0.195,Amway Center,"722,716","17,627"
Philadelphia 76ers,PHI,2013,25.2,34,48,31,51,-3.34,-0.17,-3.51,102,105.7,-3.7,91,0.2,0.209,0.509,0.481,12.5,24.9,0.146,0.495,13.7,73.4,0.2,Wells Fargo Center,"685,412","16,717"
Phoenix Suns,PHO,2013,26.9,25,57,23,59,-6.46,0.71,-5.75,101.2,108.1,-6.9,93.4,0.234,0.21,0.512,0.477,14.3,27,0.174,0.512,14.2,71.9,0.208,US Airways Center,"632,913","15,437"
Portland Trail Blazers,PLB,2013,24.4,33,49,32,50,-3.17,0.65,-2.53,105.8,109.2,-3.4,91.4,0.25,0.284,0.536,0.498,13.9,25.3,0.194,0.512,12.5,73.3,0.189,Rose Garden Arena,"813,012","19,830"
Sacramento Kings,SAC,2013,25.6,28,54,28,54,-4.88,0.62,-4.26,106.2,111.4,-5.2,93.6,0.271,0.243,0.532,0.491,13.4,26.6,0.208,0.517,13.6,71,0.227,Sleep Train Arena,"563,743","13,750"
San Antonio Spurs,SAN,2013,28.6,58,24,58,24,6.4,0.27,6.67,108.3,101.6,6.7,94.2,0.258,0.264,0.568,0.531,14,20.5,0.204,0.48,13.7,74.9,0.179,AT&T Center,"755,700","18,432"
Toronto Raptors,TOR,2013,25.4,34,48,37,45,-1.48,-0.48,-1.96,105.9,107.5,-1.6,90.4,0.274,0.249,0.532,0.488,13,25.5,0.216,0.5,13.6,73.4,0.247,Air Canada Centre,"743,936","18,145"
Utah Jazz,UTA,2013,26.3,43,39,41,41,-0.09,0.38,0.3,106.7,106.8,-0.1,90.9,0.281,0.206,0.533,0.492,13.8,28.8,0.214,0.501,14,73.2,0.226,EnergySolutions Arena,"763,915","18,632"
Washington Wizards,WAS,2013,25.4,29,53,33,49,-2.54,-0.25,-2.78,100.2,103,-2.8,92.2,0.261,0.223,0.512,0.475,14.2,24.6,0.191,0.483,13.7,74.6,0.206,Verizon Center,"670,070","16,343"
League Average,LEA,2013,26.7,,,41,41,0,0,0,105.9,105.9,,92,0.27,0.243,0.535,0.496,13.7,26.5,0.204,0.496,13.7,73.5,0.204,,"710,653","17,346"
Atlanta Hawks,ATL,2012,27.9,40,26,41,25,3.44,-0.77,2.67,104.9,101.2,3.7,90.2,0.259,0.249,0.535,0.5,13.4,23.9,0.192,0.48,14.4,74.4,0.186,Philips Arena,"501,593","15,200"
Boston Celtics,BOS,2012,29.3,39,27,39,27,2.52,-0.26,2.26,101,98.2,2.8,90.4,0.257,0.194,0.535,0.496,14.7,19.7,0.2,0.452,14.9,72.4,0.216,TD Garden,"614,592","18,624"
Brooklyn Nets,BKN,2012,24.5,7,59,7,59,-13.91,-0.05,-13.96,95.2,110.4,-15.2,91.1,0.276,0.169,0.483,0.439,13.9,23.6,0.206,0.512,12.8,70.9,0.206,Time Warner Cable Arena,"486,984","14,757"
Charlotte Hornets,CLH,2012,27.1,50,16,51,15,8.18,-0.76,7.43,107.4,98.3,9.1,89.1,0.255,0.205,0.523,0.49,13.2,32.6,0.184,0.45,12.8,74.3,0.175,United Center,"731,326","22,161"
Chicago Bulls,CHI,2012,26,21,45,17,49,-7.2,-0.14,-7.34,101.1,108.9,-7.8,91.3,0.307,0.238,0.505,0.463,14.3,28.9,0.22,0.508,13.1,72.2,0.202,Quicken Loans Arena,"525,577","15,927"
Cleveland Cavaliers,CLE,2012,31.3,36,30,35,31,0.95,0.83,1.78,103.3,102.3,1,91.4,0.246,0.271,0.527,0.489,13.4,23.4,0.19,0.479,13.9,74.8,0.203,American Airlines Center,"671,050","20,335"
Dallas Mavericks,DAL,2012,26.6,38,28,39,27,2.88,0.29,3.16,109.2,106.2,3,94.2,0.326,0.243,0.556,0.516,14.1,27.7,0.239,0.508,14.3,74.3,0.185,Pepsi Center,"561,966","17,029"
Denver Nuggets,DEN,2012,26.3,25,41,22,44,-4.79,-0.4,-5.19,101,106.3,-5.3,89.2,0.279,0.175,0.51,0.468,15,28.1,0.21,0.5,14.2,72.8,0.226,The Palace of Auburn Hills,"475,638","14,413"
Detroit Pistons,DET,2012,25.3,23,43,25,41,-3.41,0.62,-2.79,105.4,109.1,-3.7,92.3,0.227,0.248,0.539,0.505,13.3,22.9,0.175,0.496,13.6,69.1,0.237,Oracle Arena,"622,311","18,858"
Golden State Warriors,GOL,2012,26.2,34,32,34,32,0.23,0.35,0.57,105.5,105.2,0.3,91.7,0.235,0.24,0.529,0.492,13.5,27.5,0.184,0.49,13.8,73.4,0.21,Toyota Center,"506,994","15,363"
Houston Rockets,HOU,2012,26.3,42,24,41,25,3.3,-0.71,2.6,106.7,103.1,3.6,90.7,0.321,0.198,0.526,0.474,13.1,29.2,0.251,0.476,14.1,72.3,0.222,Bankers Life Fieldhouse,"467,561","14,169"
Indiana Pacers,IND,2012,27.3,40,26,39,27,2.56,0.26,2.82,108.5,105.7,2.8,89.2,0.287,0.269,0.533,0.502,12.7,29.5,0.195,0.492,14.2,73.2,0.245,STAPLES Center,"634,237","19,219"
Los Angeles Clippers,LAC,2012,29.7,41,25,36,30,1.42,0.54,1.96,106,104.4,1.6,90.5,0.299,0.209,0.534,0.491,14.2,29.1,0.226,0.476,10.7,74.8,0.158,STAPLES Center,"626,901","18,997"
Los Angeles Lakers,LOS,2012,25.6,41,25,38,28,2.02,0.42,2.43,104,101.8,2.2,90.8,0.277,0.157,0.515,0.473,13.6,29.8,0.211,0.485,16.3,72.7,0.227,FedEx Forum,"518,446","15,710"
Memphis Grizzlies,MEM,2012,28.3,46,20,47,19,5.98,-0.27,5.72,106.6,100.2,6.4,91.2,0.307,0.198,0.549,0.505,14.5,26.6,0.238,0.479,15.8,73.9,0.2,AmericanAirlines Arena,"657,855","19,935"
Miami Heat,MIA,2012,26.2,31,35,34,32,0.27,-0.5,-0.23,105.5,105.2,0.3,93.7,0.25,0.224,0.521,0.481,12.9,27.7,0.194,0.489,14.6,70.9,0.217,Bradley Center,"485,717","14,719"
Milwaukee Bucks,MIL,2012,24.4,26,40,28,38,-2.2,0.37,-1.83,104.3,106.6,-2.3,93.3,0.306,0.262,0.524,0.477,14,27.5,0.236,0.491,12.2,73,0.187,Target Center,"577,197","17,491"
Minnesota Timberwolves,MIN,2012,26.1,22,44,19,47,-5.98,-0.39,-6.37,102.9,109.6,-6.7,90.1,0.269,0.278,0.516,0.473,14.3,27.8,0.209,0.513,13.7,70.7,0.209,Prudential Center,"460,719","13,961"
New Orleans Pelicans,NOP,2012,25.5,21,45,24,42,-3.76,0.65,-3.11,100.9,105.1,-4.2,88.3,0.274,0.152,0.517,0.476,15.2,27.5,0.207,0.485,13.5,73.1,0.218,New Orleans Arena,"498,618","15,110"
New York Knicks,NYK,2012,26.3,36,30,41,25,3.2,-0.81,2.39,104.4,101,3.4,93.2,0.306,0.288,0.533,0.492,14.9,26.6,0.227,0.485,15.9,73.7,0.224,Madison Square Garden (IV),"652,179","19,763"
Oklahoma City Thunder,OKC,2012,25.1,47,19,46,20,6.12,0.32,6.44,109.8,103.2,6.6,93,0.334,0.252,0.567,0.516,15.3,27.8,0.269,0.465,13,72.1,0.207,Chesapeake Energy Arena,"600,699","18,203"
Orlando Magic,ORL,2012,27.5,37,29,35,31,0.79,-0.33,0.46,105,104.1,0.9,89,0.292,0.346,0.533,0.506,14.5,26.5,0.193,0.488,12.9,75.5,0.19,Amway Center,"623,587","18,897"
Philadelphia 76ers,PHI,2012,24.9,35,31,43,23,4.24,-0.65,3.59,103.9,99.2,4.7,89.7,0.217,0.175,0.511,0.48,10.9,24.4,0.161,0.46,13.5,75.2,0.192,Wells Fargo Center,"577,597","17,503"
Phoenix Suns,PHO,2012,28.9,33,33,32,34,-0.24,0.53,0.29,106.2,106.5,-0.3,92.6,0.257,0.238,0.536,0.499,13.3,25.8,0.194,0.491,13.1,71.7,0.2,US Airways Center,"514,718","15,598"
Portland Trail Blazers,PLB,2012,27.5,28,38,32,34,-0.62,0.41,-0.22,105.7,106.4,-0.7,91.2,0.263,0.255,0.531,0.488,13.4,26.3,0.209,0.504,14.1,72.8,0.199,Rose Garden Arena,"676,384","20,496"
Sacramento Kings,SAC,2012,24.3,22,44,21,45,-5.68,0.73,-4.95,103.8,109.8,-6,94.7,0.268,0.228,0.51,0.472,13,29.1,0.197,0.515,13.9,70.5,0.199,Power Balance Pavilion,"478,764","14,508"
San Antonio Spurs,SAN,2012,27.5,50,16,48,18,7.17,0.11,7.28,110.9,103.2,7.7,92.9,0.261,0.257,0.562,0.528,12.8,25.1,0.195,0.489,12.9,76,0.168,AT&T Center,"607,095","18,397"
Toronto Raptors,TOR,2012,25.7,23,43,25,41,-3.3,-0.36,-3.67,100.8,104.5,-3.7,89.3,0.274,0.209,0.518,0.475,14.8,25.9,0.211,0.475,12.8,75.4,0.26,Air Canada Centre,"555,584","16,836"
Utah Jazz,UTA,2012,25.6,36,30,34,32,0.62,0.3,0.92,106.8,106.1,0.7,91.4,0.302,0.153,0.525,0.481,13,30.2,0.227,0.493,13.8,73.8,0.245,EnergySolutions Arena,"637,124","19,307"
Washington Wizards,WAS,2012,24.2,20,46,22,44,-4.8,-0.34,-5.14,101,106.2,-5.2,92.5,0.253,0.196,0.508,0.472,14.2,27.3,0.184,0.492,14.2,70.9,0.229,Verizon Center,"552,038","16,728"
League Average,LEA,2012,26.7,,,33,33,0,0,0,104.6,104.6,,91.3,0.276,0.226,0.527,0.487,13.8,27,0.208,0.487,13.8,73,0.208,,"570,035","17,274"
Atlanta Hawks,ATL,2011,27.4,44,38,39,43,-0.82,-0.28,-1.1,106.1,107,-0.9,89.3,0.269,0.222,0.542,0.501,13.5,23.4,0.209,0.495,12.3,74.6,0.211,Philips Arena,"641,596","15,649"
Boston Celtics,BOS,2011,29.5,56,26,57,25,5.37,-0.54,4.83,106.2,100.3,5.9,90.4,0.305,0.18,0.561,0.519,14.5,21.1,0.235,0.469,14.8,74.7,0.235,TD Garden,"763,584","18,624"
Brooklyn Nets,BKN,2011,26.9,34,48,29,53,-4,-0.08,-4.08,103.4,107.8,-4.4,89.6,0.314,0.189,0.528,0.482,14.1,25.7,0.237,0.5,12.9,75.2,0.229,Time Warner Cable Arena,"649,694","15,846"
Charlotte Hornets,CLH,2011,26.4,62,20,61,21,7.32,-0.79,6.53,108.3,100.3,8,90.4,0.305,0.215,0.541,0.501,13.5,29.4,0.227,0.463,13.6,76.2,0.222,United Center,"893,462","21,792"
Chicago Bulls,CHI,2011,26.6,19,63,18,64,-9.01,0.14,-8.88,102.2,111.8,-9.6,93,0.312,0.224,0.518,0.472,13.4,24.2,0.233,0.524,12.7,73.3,0.211,Quicken Loans Arena,"824,595","20,112"
Cleveland Cavaliers,CLE,2011,30.9,57,25,53,29,4.23,0.18,4.41,109.7,105,4.7,91.3,0.286,0.274,0.565,0.525,13.6,24.1,0.222,0.488,13,74.8,0.206,American Airlines Center,"824,162","20,102"
Dallas Mavericks,DAL,2011,27.3,50,32,54,28,4.76,0.05,4.81,112.3,107.3,5,95.6,0.367,0.258,0.574,0.526,13.1,23.9,0.281,0.5,12.7,75.4,0.224,Pepsi Center,"696,568","16,989"
Denver Nuggets,DEN,2011,27.2,30,52,31,51,-3.6,-0.18,-3.78,107.7,111.7,-4,89.2,0.279,0.189,0.533,0.495,12.5,27.4,0.206,0.526,13.8,72.1,0.235,The Palace of Auburn Hills,"683,080","16,660"
Detroit Pistons,DET,2011,25.2,36,46,35,47,-2.33,0.33,-2,108.2,110.7,-2.5,94.8,0.241,0.248,0.544,0.51,13.3,26.7,0.183,0.509,14.5,69.3,0.259,Oracle Arena,"766,398","18,693"
Golden State Warriors,GOL,2011,26.5,43,39,47,35,2.18,0.19,2.37,111.3,109,2.3,94.2,0.299,0.264,0.55,0.503,12.3,27.4,0.239,0.5,12.6,72.7,0.219,Toyota Center,"663,839","16,191"
Houston Rockets,HOU,2011,25.9,37,45,38,44,-1.07,-0.3,-1.38,104.8,106,-1.2,94.7,0.3,0.244,0.533,0.486,14.1,25.9,0.235,0.487,12.8,74.1,0.237,Conseco Fieldhouse,"555,077","13,538"
Indiana Pacers,IND,2011,24.6,32,50,32,50,-3.13,0.42,-2.71,105.3,108.7,-3.4,92.8,0.332,0.23,0.535,0.496,15.1,28.4,0.234,0.499,12.8,73.2,0.25,STAPLES Center,"727,462","17,743"
Los Angeles Clippers,LAC,2011,30.2,57,25,58,24,6.11,-0.1,6.01,111,104.3,6.7,90.7,0.293,0.22,0.545,0.502,12.3,29.2,0.228,0.477,12.8,72.3,0.181,STAPLES Center,"778,877","18,997"
Los Angeles Lakers,LOS,2011,25.2,46,36,48,34,2.34,0.2,2.55,107.6,105.1,2.5,91.9,0.291,0.136,0.534,0.493,13,28.9,0.218,0.502,15.7,72.5,0.228,FedEx Forum,"600,687","14,651"
Memphis Grizzlies,MEM,2011,29,58,24,61,21,7.46,-0.71,6.76,111.7,103.5,8.2,90.9,0.363,0.235,0.573,0.524,13.5,25.2,0.279,0.475,12.6,75.5,0.223,AmericanAirlines Arena,"810,930","19,779"
Miami Heat,MIA,2011,26.7,35,47,38,44,-0.84,-0.17,-1.02,101.6,102.5,-0.9,89.8,0.287,0.216,0.511,0.467,13,24.7,0.217,0.481,14.7,74.8,0.236,Bradley Center,"631,912","15,412"
Milwaukee Bucks,MIL,2011,23.8,17,65,24,58,-6.63,0.67,-5.97,104.2,111.1,-6.9,96.5,0.282,0.223,0.526,0.483,15.1,29.6,0.217,0.514,13.1,73.7,0.251,Target Center,"624,960","15,243"
Minnesota Timberwolves,MIN,2011,24.8,24,58,24,58,-6.24,-0.04,-6.28,103.1,109.9,-6.8,89.9,0.283,0.201,0.517,0.474,13.4,26.1,0.215,0.503,11.8,74.2,0.241,Prudential Center,"581,378","13,949"
New Orleans Pelicans,NOP,2011,26.3,46,36,44,38,0.89,0.39,1.28,106.2,105.2,1,88.7,0.296,0.192,0.537,0.493,12.8,25.1,0.226,0.501,14.4,76.2,0.22,New Orleans Arena,"603,088","14,709"
New York Knicks,NYK,2011,25.3,42,40,43,39,0.78,-0.3,0.48,110.9,110.1,0.8,95.6,0.304,0.303,0.561,0.513,12.6,24.2,0.246,0.511,13.8,71.9,0.24,Madison Square Garden (IV),"808,879","19,729"
Oklahoma City Thunder,OKC,2011,23.7,55,27,51,31,3.79,0.02,3.81,111.2,107.2,4,92.7,0.363,0.212,0.561,0.501,13.1,27.4,0.299,0.493,12.9,73.6,0.228,Chesapeake Energy Arena,"744,068","18,148"
Orlando Magic,ORL,2011,27.6,52,30,56,26,5.46,-0.54,4.92,107.9,102,5.9,91.2,0.328,0.328,0.554,0.521,14.3,26.1,0.227,0.475,13.3,76.9,0.219,Amway Center,"777,852","18,972"
Philadelphia 76ers,PHI,2011,24.7,41,41,45,37,1.5,-0.5,1.01,106.6,105,1.6,91.7,0.273,0.184,0.535,0.494,12.3,24.6,0.21,0.487,13.5,74.5,0.231,Wells Fargo Center,"604,823","14,752"
Phoenix Suns,PHO,2011,29.6,40,42,39,43,-0.89,0.43,-0.46,109.5,110.4,-0.9,94.4,0.283,0.271,0.559,0.522,13.2,23.7,0.215,0.513,13.1,71.6,0.211,US Airways Center,"720,249","17,567"
Portland Trail Blazers,PLB,2011,26.7,48,34,46,36,1.52,0.32,1.85,108.8,107.1,1.7,87.9,0.278,0.228,0.533,0.486,12.6,29.5,0.224,0.51,15.4,72,0.231,Rose Garden Arena,"840,924","20,510"
Sacramento Kings,SAC,2011,24.8,24,58,27,55,-5.34,0.54,-4.8,103.5,109,-5.5,95.2,0.284,0.183,0.519,0.48,14.4,29.9,0.208,0.513,13.5,74.4,0.233,Power Balance Pavilion,"569,496","13,890"
San Antonio Spurs,SAN,2011,28.8,61,21,56,26,5.71,0.16,5.86,111.8,105.6,6.2,92.3,0.299,0.261,0.567,0.527,12.8,24.9,0.229,0.491,12.6,74.6,0.19,AT&T Center,"750,879","18,314"
Toronto Raptors,TOR,2011,24.5,22,60,24,58,-6.28,0.01,-6.28,106.1,112.9,-6.8,92.9,0.293,0.162,0.533,0.491,13.7,28.2,0.221,0.522,13,72,0.251,Air Canada Centre,"680,255","16,592"
Utah Jazz,UTA,2011,26.8,39,43,36,46,-1.83,0.39,-1.44,108.1,110.1,-2,91,0.313,0.191,0.544,0.498,13.5,27,0.241,0.505,13.8,71.7,0.275,EnergySolutions Arena,"799,982","19,512"
Washington Wizards,WAS,2011,24.9,23,59,22,60,-7.4,0.11,-7.3,102.4,110.2,-7.8,93.8,0.29,0.172,0.513,0.471,13.9,28,0.216,0.512,14.4,70.5,0.249,Verizon Center,"688,466","16,792"
League Average,LEA,2011,26.7,,,41,41,0,0,0,107.3,107.3,,92.1,0.3,0.222,0.541,0.498,13.4,26.4,0.229,0.498,13.4,73.6,0.229,,"710,241","17,321"
Atlanta Hawks,ATL,2010,26.5,53,29,54,28,4.66,-0.22,4.44,111.9,106.7,5.2,90.1,0.281,0.214,0.545,0.506,11.4,28.2,0.213,0.496,13.2,72.7,0.208,Philips Arena,"678,375","16,546"
Boston Celtics,BOS,2010,29.4,50,32,52,30,3.66,-0.29,3.37,107.7,103.8,3.9,91.6,0.332,0.228,0.564,0.522,14.5,22.8,0.248,0.487,14.9,73.8,0.251,TD Garden,"763,584","18,624"
Brooklyn Nets,BKN,2010,27.4,44,38,45,37,1.46,-0.17,1.3,104.4,102.8,1.6,90.4,0.346,0.211,0.538,0.49,15.1,26.5,0.26,0.491,14.7,74.2,0.194,Time Warner Cable Arena,"648,520","15,818"
Charlotte Hornets,CLH,2010,26.2,41,41,36,46,-1.63,0,-1.64,103.5,105.3,-1.8,93.1,0.287,0.156,0.52,0.477,13.3,26.6,0.217,0.484,12.3,74.8,0.212,United Center,"849,760","20,726"
Chicago Bulls,CHI,2010,28,61,21,59,23,6.52,-0.36,6.17,111.2,104.1,7.1,91.4,0.341,0.248,0.57,0.532,13.4,25.1,0.246,0.482,12.3,77.2,0.218,Quicken Loans Arena,"843,042","20,562"
Cleveland Cavaliers,CLE,2010,30.7,55,27,49,33,2.72,-0.06,2.66,109.2,106.3,2.9,92.5,0.277,0.222,0.552,0.506,12.3,24.3,0.226,0.495,13.6,73.7,0.206,American Airlines Center,"819,770","19,994"
Dallas Mavericks,DAL,2010,27.7,53,29,52,30,4.09,0.06,4.15,111.8,107.5,4.3,94.8,0.376,0.227,0.561,0.509,12.7,26.1,0.29,0.495,13.8,72.4,0.251,Pepsi Center,"737,301","17,983"
Denver Nuggets,DEN,2010,26.7,27,55,26,56,-5.11,0.09,-5.02,105.6,111.4,-5.8,88.5,0.303,0.18,0.515,0.474,12.8,30.3,0.22,0.526,14.2,73.4,0.264,The Palace of Auburn Hills,"768,826","18,752"
Detroit Pistons,DET,2010,25.1,26,56,32,50,-3.6,0.32,-3.28,108.1,111.7,-3.6,100.4,0.294,0.238,0.557,0.514,13.1,20.9,0.23,0.525,15.1,68.5,0.26,Oracle Arena,"739,120","18,027"
Golden State Warriors,GOL,2010,26,42,40,40,42,-0.37,0.35,-0.02,107.6,108,-0.4,94,0.292,0.265,0.537,0.494,13.2,26.9,0.225,0.511,13.6,73.8,0.215,Toyota Center,"677,658","16,528"
Houston Rockets,HOU,2010,26.6,32,50,33,49,-3.01,-0.1,-3.11,103.7,106.8,-3.1,97.1,0.296,0.278,0.536,0.491,13.8,21.6,0.229,0.49,13.4,73,0.258,Conseco Fieldhouse,"582,295","14,202"
Indiana Pacers,IND,2010,27.3,29,53,24,58,-6.35,0.34,-6.01,103.3,110.1,-6.8,92.6,0.283,0.221,0.529,0.491,14.8,27.1,0.206,0.509,12.2,74,0.214,STAPLES Center,"670,063","16,343"
Los Angeles Clippers,LAC,2010,28.4,57,25,54,28,4.72,0.06,4.78,108.8,103.7,5.1,92.8,0.289,0.227,0.538,0.496,12.4,27.6,0.221,0.484,13.2,74.4,0.195,STAPLES Center,"778,877","18,997"
Los Angeles Lakers,LOS,2010,24.1,40,42,37,45,-1.51,0.13,-1.39,108.3,109.9,-1.6,93.6,0.32,0.148,0.536,0.494,13.7,31.3,0.235,0.52,13.2,73.3,0.205,FedEx Forum,"552,914","13,486"
Memphis Grizzlies,MEM,2010,27.1,47,35,48,34,2.28,-0.29,1.99,106.6,104.1,2.5,89.6,0.296,0.219,0.537,0.496,12.8,26.1,0.223,0.48,13.9,74.9,0.246,AmericanAirlines Arena,"726,935","17,730"
Miami Heat,MIA,2010,26.4,46,36,46,36,1.7,-0.32,1.37,104.9,103.1,1.8,91.7,0.239,0.259,0.518,0.482,12.3,26.2,0.181,0.486,14.6,76.4,0.266,Bradley Center,"619,453","15,109"
Milwaukee Bucks,MIL,2010,24.1,15,67,17,65,-9.6,0.54,-9.06,101.7,111.6,-9.9,96.1,0.278,0.171,0.518,0.478,14.6,26.7,0.207,0.525,13,73.6,0.22,Target Center,"619,170","15,102"
Minnesota Timberwolves,MIN,2010,24.8,12,70,17,65,-9.12,0.19,-8.93,100.6,110.5,-9.9,91.4,0.307,0.181,0.509,0.458,13.7,25.1,0.24,0.517,13.3,71.8,0.229,Izod Center,"537,230","13,103"
New Orleans Pelicans,NOP,2010,27.5,37,45,34,48,-2.46,0.19,-2.27,107.4,110.1,-2.7,92.6,0.243,0.23,0.543,0.506,12.7,24.8,0.189,0.523,13.5,73.8,0.205,New Orleans Arena,"617,366","15,058"
New York Knicks,NYK,2010,25.4,29,53,31,51,-3.82,-0.19,-4.01,107.6,111.6,-4,94,0.256,0.312,0.547,0.509,13,23.5,0.2,0.526,13.3,72.1,0.207,Madison Square Garden (IV),"799,550","19,501"
Oklahoma City Thunder,OKC,2010,23.2,50,32,51,31,3.49,0.06,3.55,108.3,104.6,3.7,93.1,0.333,0.185,0.547,0.494,13.9,28.6,0.268,0.483,14,73.6,0.229,Oklahoma City Arena,"738,149","18,004"
Orlando Magic,ORL,2010,27.9,59,23,61,21,7.49,-0.37,7.12,111.4,103.3,8.1,92,0.34,0.35,0.573,0.536,13.6,24.6,0.246,0.477,12.2,77.4,0.205,Amway Arena,"715,901","17,461"
Philadelphia 76ers,PHI,2010,25.4,27,55,30,52,-3.9,-0.03,-3.93,106.1,110.3,-4.2,91.6,0.27,0.206,0.534,0.496,13.7,27.6,0.204,0.518,13.8,73.2,0.231,Wachovia Center,"583,219","14,225"
Phoenix Suns,PHO,2010,28.5,54,28,54,28,4.9,-0.23,4.67,115.3,110.2,5.1,95.3,0.312,0.261,0.585,0.546,13.6,27.6,0.24,0.491,11.6,70.8,0.224,US Airways Center,"723,582","17,648"
Portland Trail Blazers,PLB,2010,26.6,50,32,51,31,3.3,-0.13,3.18,110.8,107.1,3.7,87.7,0.315,0.215,0.547,0.499,12.1,28.2,0.249,0.502,13.3,74.8,0.219,Rose Garden Arena,"840,371","20,497"
Sacramento Kings,SAC,2010,24.1,25,57,29,53,-4.37,0.3,-4.06,105.3,109.9,-4.6,94,0.286,0.201,0.528,0.491,13.6,27.8,0.207,0.505,12.6,73.5,0.244,Power Balance Pavilion,"543,416","13,254"
San Antonio Spurs,SAN,2010,28.7,50,32,55,27,5.09,-0.02,5.07,110,104.5,5.5,91.7,0.296,0.232,0.552,0.515,12.9,26.8,0.219,0.483,12.1,76.3,0.214,AT&T Center,"741,676","18,090"
Toronto Raptors,TOR,2010,25.2,40,42,36,46,-1.78,-0.05,-1.83,111.3,113.2,-1.9,93.1,0.319,0.211,0.564,0.521,12.7,24.7,0.244,0.513,11.8,72.9,0.247,Air Canada Centre,"733,784","17,897"
Utah Jazz,UTA,2010,25.6,53,29,55,27,5.34,-0.01,5.33,110.7,105,5.7,93.8,0.34,0.184,0.565,0.524,14.2,26.8,0.252,0.492,14.2,75.6,0.269,EnergySolutions Arena,"794,512","19,378"
Washington Wizards,WAS,2010,27.6,26,56,28,54,-4.78,0.06,-4.72,104.2,109.4,-5.2,91.6,0.283,0.183,0.524,0.481,13.9,27.6,0.216,0.502,12.8,72.4,0.239,Verizon Center,"664,398","16,205"
League Average,LEA,2010,26.8,,,41,41,0,-0.01,-0.01,107.6,107.6,,92.7,0.3,0.222,0.543,0.501,13.3,26.3,0.228,0.501,13.3,73.7,0.228,,"703,627","17,162"
Atlanta Hawks,ATL,2009,25.8,47,35,46,36,1.57,0.13,1.7,109.3,107.6,1.7,89.6,0.323,0.253,0.546,0.504,12.5,26,0.238,0.494,13.2,71.6,0.21,Philips Arena,"686,688","16,748"
Boston Celtics,BOS,2009,27.8,62,20,61,21,7.51,-0.07,7.44,110.5,102.3,8.2,90.4,0.328,0.214,0.571,0.528,15,27.9,0.251,0.47,14,75.6,0.253,TD Banknorth Garden,"763,584","18,624"
Brooklyn Nets,BKN,2009,25.8,35,47,37,45,-1.27,0.07,-1.2,104.7,106.1,-1.4,88.3,0.312,0.213,0.536,0.494,15.1,27.7,0.231,0.498,14.4,73,0.229,Time Warner Cable Arena,"597,548","14,574"
Charlotte Hornets,CLH,2009,24.9,41,41,40,42,-0.28,0.12,-0.16,108.4,108.7,-0.3,93.1,0.3,0.189,0.541,0.493,13.3,28,0.239,0.493,13.1,70.9,0.238,United Center,"868,667","21,187"
Chicago Bulls,CHI,2009,26.6,66,16,65,17,8.93,-0.25,8.68,112.4,102.4,10,88.7,0.312,0.259,0.56,0.519,12.5,27.7,0.236,0.468,13.5,74.6,0.226,Quicken Loans Arena,"841,000","20,512"
Cleveland Cavaliers,CLE,2009,29,50,32,47,35,1.98,-0.3,1.68,110.5,108.4,2.1,91.5,0.274,0.241,0.55,0.504,12.1,26.6,0.224,0.493,12.3,74.6,0.225,American Airlines Center,"821,723","20,042"
Dallas Mavericks,DAL,2009,27.7,54,28,50,32,3.41,-0.29,3.13,110.4,106.8,3.6,94.3,0.382,0.227,0.563,0.512,14.2,27.5,0.29,0.485,14.1,71.7,0.259,Pepsi Center,"706,165","17,224"
Denver Nuggets,DEN,2009,28.2,39,43,40,42,-0.49,0.13,-0.36,107.4,108,-0.6,86.7,0.282,0.165,0.524,0.483,11.7,27.9,0.212,0.485,11.7,74,0.248,The Palace of Auburn Hills,"896,971","21,877"
Detroit Pistons,DET,2009,25,29,53,31,51,-3.74,-0.06,-3.8,109.5,113.3,-3.8,98.2,0.339,0.209,0.549,0.497,12.9,26.1,0.268,0.508,12.9,68.1,0.251,Oracle Arena,"776,660","18,943"
Golden State Warriors,GOL,2009,27.9,53,29,53,29,4,-0.27,3.73,108.4,104,4.4,90.2,0.292,0.254,0.548,0.501,13.6,26.4,0.235,0.479,11.9,75.3,0.192,Toyota Center,"717,669","17,504"
Houston Rockets,HOU,2009,26.5,36,46,38,44,-1.11,0.35,-0.76,108.1,109.2,-1.1,96.5,0.267,0.244,0.545,0.501,13.1,25.4,0.215,0.499,12.7,74.5,0.271,Conseco Fieldhouse,"581,472","14,182"
Indiana Pacers,IND,2009,26.6,19,63,18,64,-8.77,0.3,-8.47,102.3,111.7,-9.4,92.1,0.275,0.226,0.52,0.481,14,25.1,0.202,0.512,12.4,71.2,0.227,STAPLES Center,"663,587","16,185"
Los Angeles Clippers,LAC,2009,27.4,65,17,61,21,7.66,-0.55,7.11,112.8,104.7,8.1,94.3,0.299,0.217,0.555,0.513,12.3,29.4,0.23,0.49,14.2,73,0.213,STAPLES Center,"778,877","18,997"
Los Angeles Lakers,LOS,2009,23.3,24,58,26,56,-5.46,0.24,-5.23,103.5,109.5,-6,90.1,0.329,0.175,0.533,0.486,14.8,25.8,0.249,0.515,14.1,73.5,0.247,FedEx Forum,"519,895","12,680"
Memphis Grizzlies,MEM,2009,25.6,43,39,42,40,0.26,0.23,0.49,107.8,107.6,0.2,89.9,0.282,0.245,0.54,0.5,12.1,24.6,0.212,0.501,14.5,72.9,0.251,AmericanAirlines Arena,"748,778","18,263"
Miami Heat,MIA,2009,26.3,34,48,38,44,-1.09,0.21,-0.88,106.7,107.9,-1.2,92.6,0.306,0.208,0.531,0.483,13.1,27.8,0.239,0.503,15.6,74,0.315,Bradley Center,"630,976","15,390"
Milwaukee Bucks,MIL,2009,25.4,24,58,27,55,-4.91,0.18,-4.74,106.1,111.4,-5.3,91.6,0.289,0.227,0.526,0.481,13.3,27.7,0.222,0.515,12,75,0.254,Target Center,"595,013","14,513"
Minnesota Timberwolves,MIN,2009,25.7,34,48,34,48,-2.44,0.13,-2.31,108.3,111,-2.7,89.9,0.303,0.265,0.543,0.497,12.7,25.2,0.236,0.509,13,73.5,0.272,Izod Center,"621,062","15,148"
New Orleans Pelicans,NOP,2009,28.2,49,33,46,36,1.55,-0.14,1.41,108.7,107,1.7,87.8,0.288,0.24,0.548,0.501,12.5,24.6,0.232,0.496,13.2,74.9,0.23,New Orleans Arena,"695,727","16,969"
New York Knicks,NYK,2009,25.7,32,50,34,48,-2.61,0.28,-2.33,108.1,110.8,-2.7,96.7,0.268,0.322,0.544,0.503,12.9,24.4,0.21,0.52,13,72.7,0.215,Madison Square Garden (IV),"790,801","19,288"
Oklahoma City Thunder,OKC,2009,24.5,23,59,24,58,-6.1,0.06,-6.04,102.9,109.4,-6.5,93.6,0.308,0.141,0.521,0.471,14.8,28.6,0.242,0.514,13,73.9,0.216,Ford Center,"766,868","18,704"
Orlando Magic,ORL,2009,27.3,59,23,59,23,6.7,-0.21,6.48,109.2,101.9,7.3,92.3,0.351,0.335,0.559,0.52,13.4,24,0.251,0.465,12.3,75.9,0.209,Amway Arena,"698,768","17,043"
Philadelphia 76ers,PHI,2009,26.1,41,41,41,41,0.07,0.09,0.16,107.9,107.8,0.1,90,0.339,0.164,0.532,0.485,13.4,31.3,0.253,0.507,14.9,71.4,0.216,Wachovia Center,"647,898","15,802"
Phoenix Suns,PHO,2009,29.5,46,36,46,36,1.93,-0.31,1.62,113.6,111.6,2,96,0.336,0.216,0.584,0.545,14.4,27.7,0.25,0.511,12.8,71.7,0.233,US Airways Center,"755,302","18,422"
Portland Trail Blazers,PLB,2009,24,54,28,56,26,5.34,-0.35,5,113.9,107.8,6.1,86.6,0.306,0.239,0.553,0.511,12.5,32.6,0.234,0.499,13.2,75,0.227,Rose Garden Arena,"841,499","20,524"
Sacramento Kings,SAC,2009,26.3,17,65,19,63,-8.76,0.16,-8.6,105.5,114.7,-9.2,94.2,0.315,0.238,0.542,0.491,14.3,24.5,0.252,0.526,13,69.9,0.269,ARCO Arena (II),"520,169","12,687"
San Antonio Spurs,SAN,2009,30.4,54,28,52,30,3.76,-0.4,3.36,108.5,104.3,4.2,88.4,0.251,0.248,0.548,0.513,11.7,22.1,0.191,0.487,11.7,78,0.191,AT&T Center,"749,048","18,269"
Toronto Raptors,TOR,2009,27,33,49,33,49,-2.82,0.28,-2.54,107,110,-3,92,0.279,0.193,0.542,0.494,12.8,24,0.23,0.511,12.6,73.7,0.202,Air Canada Centre,"769,707","18,773"
Utah Jazz,UTA,2009,25.5,48,34,48,34,2.65,-0.34,2.31,110.1,107.3,2.8,93.1,0.355,0.169,0.554,0.504,13.6,28.2,0.274,0.505,15,72.7,0.262,EnergySolutions Arena,"816,042","19,903"
Washington Wizards,WAS,2009,26.9,19,63,21,61,-7.46,0.48,-6.98,105.4,113.6,-8.2,91,0.293,0.18,0.524,0.48,13.2,27.7,0.224,0.533,13.3,71.4,0.227,Verizon Center,"681,119","16,613"
League Average,LEA,2009,26.8,,,41,41,0,0,0,108.3,108.3,,91.7,0.306,0.224,0.544,0.5,13.3,26.7,0.236,0.5,13.3,73.3,0.236,,"718,309","17,520"
